id,short_name,full_name,submission_date,notification_date,conference_date,location,ccf_rank,core_rank,qualis_rank,cp_index,cp_index_rank,cp_index_confidence,is_extended,updated_at,detail_page
5829,AAIML,International Conference on Advances in Artificial Intelligence and Machine Learning,2026-10-10,2026-11-10,2027-03-29,"Tokyo, Japan",,,,40.13,5068,0.45,False,2026-07-15,https://www.myhuiban.com/conference/5829
1363,ACITY,International Conference on Advances in Computing and Information technology,2026-10-10,2026-11-10,2026-11-27,"Zurich, Switzerland",,,,52.87,1089,0.45,True,2026-10-05,https://www.myhuiban.com/conference/1363
2864,AICCC,Artificial Intelligence and Cloud Computing Conference,2026-10-10,2026-11-05,2026-12-18,"Tokyo, Japan",,,,48.74,1916,0.45,True,2026-09-08,https://www.myhuiban.com/conference/2864
5881,AIES',International Conference on Artificial Intelligence and Education Systems,2026-10-10,2026-11-10,2026-12-18,"Kunming, China",,,,45.22,2826,0.25,True,2026-09-16,https://www.myhuiban.com/conference/5881
4759,AIPE,International Conference on Artificial Intelligence and Power Engineering,2026-10-10,2026-11-10,2027-02-26,"Nanjing, China",,,,45.46,2764,0.45,False,2026-09-02,https://www.myhuiban.com/conference/4759
2770,AIxDKE,Artificial Intelligence x Data & Knowledge Engineering,2026-10-10,2026-12-01,2027-02-01,"Laguna Hills, California, USA",,,,42.38,4098,0.45,False,2026-07-13,https://www.myhuiban.com/conference/2770
5118,BDAMEA,"International Conference on Big Data Applications, Mechatronics Engineering and Automation",2026-10-10,2026-11-10,2026-12-25,"Suzhou, China",,,,42.71,3995,0.45,False,2026-08-04,https://www.myhuiban.com/conference/5118
3548,CAIML,International Conference on Artificial Intelligence and Machine Learning,2026-10-10,2026-10-17,2026-10-24,"Vienna, Austria",,,,51.85,1253,0.45,True,2026-10-05,https://www.myhuiban.com/conference/3548
1108,CCSIT,International Conference on Computer Science and Information Technology,2026-10-10,2026-11-06,2026-11-21,"London, UK",,,,54.49,911,0.45,True,2026-10-05,https://www.myhuiban.com/conference/1108
4848,CECCC,International Communication Engineering and Cloud Computing Conference,2026-10-10,2026-10-20,2026-11-18,"Barcelona, Spain",,,,46.38,2502,0.45,True,2026-09-23,https://www.myhuiban.com/conference/4848
3861,CLSB,"International Conference on Cloud Computing, Security and Blockchain",2026-10-10,2026-10-14,2026-10-17,"Sydney, Australia",,,,49.79,1674,0.45,True,2026-10-05,https://www.myhuiban.com/conference/3861
4617,CTIEET,"International Conference on Computer Technology, Information Engineering and Electronic Technology",2026-10-10,2026-11-10,2026-12-25,"Harbin, China",,,,47.27,2253,0.45,False,2026-07-29,https://www.myhuiban.com/conference/4617
4920,EESE,International Conference on Environmental Engineering and Sustainable Energy,2026-10-10,2026-11-20,2026-12-11,"Changsha, China",,,,46.61,2429,0.45,False,2026-09-21,https://www.myhuiban.com/conference/4920
3613,EMET,International Conference on Energy Material and Energy Technology,2026-10-10,,2026-11-10,"Nanchang, China",,,,47.44,2211,0.45,False,2026-09-02,https://www.myhuiban.com/conference/3613
5558,ICAIRS,International Conference on Artificial Intelligence and Robotic Systems,2026-10-10,2026-10-15,2026-10-23,"Tianjin, China",,,,44.62,3001,0.25,True,2026-09-21,https://www.myhuiban.com/conference/5558
3550,ICAIT',International Conference on Advanced Computer Science and Information Technology,2026-10-10,2026-10-17,2026-10-24,"Vienna, Austria",,,,54.14,940,0.45,True,2026-10-06,https://www.myhuiban.com/conference/3550
2041,ICCBN,International Conference on Communications and Broadband Networking,2026-10-10,2026-11-05,2026-11-27,"Chengdu, China",,,,54.59,900,0.45,True,2026-09-11,https://www.myhuiban.com/conference/2041
5728,ICCIT',International Conference on Cognitive and Intelligent Technology,2026-10-10,2026-10-30,2026-12-18,"Nanjing, China",,,,43.86,3370,0.45,True,2026-10-07,https://www.myhuiban.com/conference/5728
1574,ICETC,International Conference on Education Technology and Computers,2026-10-10,2026-11-10,2026-12-14,"Porto, Portugal",,,B4,52.87,1089,0.8,True,2026-09-15,https://www.myhuiban.com/conference/1574
4203,ICGEA,International Conference on Green Energy and Applications,2026-10-10,2026-11-10,2027-03-18,Singapore,,,,50.17,1574,0.45,False,2026-09-02,https://www.myhuiban.com/conference/4203
4873,ICIBE,International Conference on Industrial and Business Engineering,2026-10-10,2026-11-10,2027-03-19,"Hong Kong, China",,,,50.34,1541,0.45,False,2026-07-28,https://www.myhuiban.com/conference/4873
4014,ICICSE',IEEE International Conference on Information Communication and Software Engineering,2026-10-10,2026-11-05,2026-12-27,"Chongqing, China",,,,46.61,2429,0.45,True,2026-09-15,https://www.myhuiban.com/conference/4014
3394,ICMSS,"International Conference on Management Engineering, Software Engineering and Service Sciences",2026-10-10,2026-11-10,2027-03-19,"Hong Kong, China",,,,52.35,1175,0.45,False,2026-07-23,https://www.myhuiban.com/conference/3394
1975,ICRAI,International Conference on Robotics and Artificial Intelligence,2026-10-10,2026-11-10,2026-12-18,"Songdo, Incheon, Korea",,,,48.73,1918,0.45,True,2026-09-11,https://www.myhuiban.com/conference/1975
230,ICSC,International Conference on Semantic Computing,2026-10-10,2026-12-01,2027-02-01,"Laguna Hills, California, USA",,,B2,62.47,525,0.8,False,2026-07-13,https://www.myhuiban.com/conference/230
1497,IFIP WG 11.9,IFIP WG 11.9 International Conference on Digital Forensics,2026-10-10,2026-11-10,2027-01-07,"New Delhi, India",C,,,64.64,452,0.8,False,2026-10-05,https://www.myhuiban.com/conference/1497
2634,ISCMI,IEEE International Conference on Soft Computing & Machine Intelligence,2026-10-10,2026-10-30,2026-11-18,"Vienna, Austria",,,,50.25,1561,0.45,True,2026-05-22,https://www.myhuiban.com/conference/2634
3149,ITCSE,International Conference on Information Technology Convergence and Services,2026-10-10,2026-10-17,2026-10-24,"Vienna, Austria",,,,53.88,970,0.45,True,2026-10-05,https://www.myhuiban.com/conference/3149
5858,IWMEN,"International Conference on Intelligent Wireless, Mobile and Edge Networks",2026-10-10,2026-11-06,2026-11-21,"London, UK",,,,47.69,2153,0.45,True,2026-10-05,https://www.myhuiban.com/conference/5858
3883,IoTE,International Conference on Internet of Things & Embedded Systems,2026-10-10,2026-11-10,2026-11-27,"Zurich, Switzerland",,,,49.57,1724,0.45,True,2026-10-06,https://www.myhuiban.com/conference/3883
5201,MLAIA,International Conference on Machine Learning and Artificial Intelligence Applications,2026-10-10,2026-11-26,2026-12-18,"Nanning, China",,,,43.4,3641,0.45,False,2026-07-30,https://www.myhuiban.com/conference/5201
3787,NEFES,International Conference on New Energy and Future Energy Systems,2026-10-10,,2027-08-17,"Osaka, Japan",,,,50.77,1443,0.45,False,2026-09-02,https://www.myhuiban.com/conference/3787
5859,NLAII,"International Conference on NLP, AI & Information Retrieval",2026-10-10,2026-10-24,2026-10-30,Online,,,,43.4,3641,0.45,True,2026-10-06,https://www.myhuiban.com/conference/5859
3947,NLCA,International Conference on Natural Language Computing Advances,2026-10-10,2026-10-17,2026-10-24,"Vienna, Austria",,,,49.66,1702,0.45,True,2026-10-06,https://www.myhuiban.com/conference/3947
3024,NLPIR,International Conference on Natural Language Processing and Information Retrieval,2026-10-10,2026-10-30,2026-12-11,"Nara, Japan",,,,49.75,1681,0.45,True,2026-09-11,https://www.myhuiban.com/conference/3024
4874,RAAI,"International Conference on Robotics, Automation, and Artificial Intelligence",2026-10-10,2026-11-05,2026-12-18,Singapore,,,,45.21,2827,0.45,True,2026-09-08,https://www.myhuiban.com/conference/4874
2074,RoboticCC,"International Conference on
Robotic Computing &
Communication",2026-10-10,2026-12-01,2027-02-01,"Laguna Hills, California, USA",,,,50.93,1409,0.45,False,2026-09-14,https://www.myhuiban.com/conference/2074
5815,SICE ISCS,SICE International Symposium on Control Systems,2026-10-10,,2027-03-02,"Tokyo, Japan",,,,43.57,3482,0.25,False,2026-07-14,https://www.myhuiban.com/conference/5815
133,SIGMOD,ACM Conference on Management of Data,2026-10-10,2027-01-19,2027-06-13,"Huntington Beach, California, USA",A,A*,A1,81.38,182,0.8,False,2026-04-05,https://www.myhuiban.com/conference/133
5246,SPRA,Symposium on Pattern Recognition and Applications,2026-10-10,2026-11-10,2027-03-03,"Tokyo, Japan",,,,48.29,2020,0.45,False,2026-08-04,https://www.myhuiban.com/conference/5246
2451,VLSI,International Conference on VLSI,2026-10-10,2026-11-10,2026-11-27,"Zurich, Switzerland",,,,54.21,932,0.45,False,2026-10-07,https://www.myhuiban.com/conference/2451
3462,AI',International Conference on Artificial Intelligence and Applications,2026-10-11,2026-11-21,2026-12-26,"Dubai, UAE",,,,53.1,1068,0.45,True,2026-10-06,https://www.myhuiban.com/conference/3462
3872,CSEA',"International Conference on Computer Science, Engineering and Applications",2026-10-11,2026-11-17,2026-12-19,"Sydney, Australia",,,,51.36,1326,0.45,True,2026-10-05,https://www.myhuiban.com/conference/3872
4070,MLTEC,International Conference on Machine Learning Techniques,2026-10-11,2026-11-17,2026-12-19,"Sydney, Australia",,,,50.06,1598,0.45,True,2026-10-05,https://www.myhuiban.com/conference/4070
5168,NESEE,International Conference on New Energy System and Electrical Engineering,2026-10-11,2026-11-11,2026-12-18,"Guangzhou, China",,,,48.62,1955,0.45,False,2026-09-02,https://www.myhuiban.com/conference/5168
5874,NLAICSE,"International Conference on NLP, AI, Computer Science & Engineering",2026-10-11,2026-11-05,2026-12-30,Online,,,,41.87,4613,0.45,True,2026-10-06,https://www.myhuiban.com/conference/5874
389,STACS,International Symposium on Theoretical Aspects of Computer Science,2026-10-11,2026-12-22,2027-03-08,"Gottingen, Germany",C,A,A2,87.86,99,1,False,2026-07-06,https://www.myhuiban.com/conference/389
419,ALT,International Conference on Algorithmic Learning Theory,2026-10-12,2027-01-05,2027-03-09,"Leiden, the Netherlands",C,B,B1,80.58,192,1,False,2026-08-06,https://www.myhuiban.com/conference/419
4691,CIoTSC,"International Conference on  Computer, Internet of Things and Smart City",2026-10-12,2026-10-15,2026-11-06,"Mianyang, China",,,,45.98,2614,0.45,True,2026-09-23,https://www.myhuiban.com/conference/4691
170,COLING,International Conference on Computational Linguistics,2026-10-12,2027-02-10,2027-05-09,"Macau, China",B,B,A1,92.92,37,1,False,2026-08-07,https://www.myhuiban.com/conference/170
743,ICIT,IEEE International Conference on Industrial Technology,2026-10-12,2026-12-11,2027-03-15,"Florianopolis, Brazil",,,B3,61.34,568,0.8,False,2026-07-14,https://www.myhuiban.com/conference/743
5198,ITAM,International Conference on Intelligent Technology and Advanced Manufacturing,2026-10-12,2026-11-27,2026-12-18,"Foshan, China",,,,42.71,3995,0.45,False,2026-09-01,https://www.myhuiban.com/conference/5198
426,NAACL,Annual Conference of the North American Chapter of the Association for Computational Linguistics,2026-10-12,,2027-06-01,"San Francisco, California, USA",B,A,A1,89.56,76,1,False,2026-07-21,https://www.myhuiban.com/conference/426
4881,NCIC,"International Conference on Networks, Communications and Intelligent Computing",2026-10-12,2026-10-09,2026-10-16,"Baotou, China",,,,48.47,1993,0.45,True,2026-09-23,https://www.myhuiban.com/conference/4881
5903,BLKCA,International Conference on Blockchain and Applications,2026-10-13,2026-11-07,2026-12-29,Online,,,,42.24,4135,0.45,False,2026-10-09,https://www.myhuiban.com/conference/5903
5471,IC-EISIT,"International Conference on Electrical, Intelligent Systems and Information Technology",2026-10-13,,2026-10-23,"Guangzhou, China",,,,44.48,3043,0.25,False,2026-03-26,https://www.myhuiban.com/conference/5471
340,ISCAS,International Symposium on Circuits and Systems,2026-10-13,2027-01-11,2027-06-06,"Bordeaux, France",B,C,A1,64.61,455,0.8,False,2026-07-05,https://www.myhuiban.com/conference/340
5896,AI3T,International Conference on AI Infrastructure and Interconnect Technologies,2026-10-15,2026-10-31,2026-12-13,"Hefei, China",,,,37.52,5550,0.45,False,2026-10-01,https://www.myhuiban.com/conference/5896
5898,AISS'',International Conference on Artificial Intelligence Safety and Security,2026-10-15,2026-10-31,2026-12-13,"Hefei, China",,,,37.69,5543,0.45,False,2026-10-02,https://www.myhuiban.com/conference/5898
1591,BDCloud,International Conference on Big Data and Cloud Computing,2026-10-15,2026-11-10,2026-12-27,"Kuala Lumpur, Malaysia",,,,54.66,894,0.45,False,2026-10-06,https://www.myhuiban.com/conference/1591
5900,CCEI,International Conference on Connected Embodied Intelligence,2026-10-15,2026-10-31,2026-12-13,"Hefei, China",,,,37.31,5559,0.45,False,2026-10-02,https://www.myhuiban.com/conference/5900
4790,CCORE,International Conference on Climate Change and Ocean Renewable Energy,2026-10-15,2026-10-20,2026-11-06,Online,,,,49.53,1730,0.45,True,2026-09-14,https://www.myhuiban.com/conference/4790
5577,CESST,International Symposium on Civil Engineering and Smart Structure Technology,2026-10-15,2026-11-15,2026-12-18,"Zhengzhou, China",,,,41.42,4754,0.45,True,2026-09-16,https://www.myhuiban.com/conference/5577
4028,CEVVE,International Conference on Electric Vehicle and Vehicle Engineering,2026-10-15,2026-09-28,2026-10-16,"Fuzhou, China",,,,44.04,3257,0.45,True,2026-09-22,https://www.myhuiban.com/conference/4028
5899,COAC,International Conference on Optics for AI Clusters,2026-10-15,2026-10-31,2026-12-13,"Hefei, China",,,,37.31,5559,0.45,False,2026-10-02,https://www.myhuiban.com/conference/5899
5737,EMC²,"International Conference on Embedded Systems, Mobile Communication and Computing",2026-10-15,2026-11-20,2027-01-08,"Shenzhen, China",,,,40.01,5081,0.45,False,2026-07-11,https://www.myhuiban.com/conference/5737
200,ESOP,European Symposium on Programming,2026-10-15,2026-12-22,2027-04-10,"Copenhagen, Denmark",,A,A2,83.77,148,1,False,2026-05-11,https://www.myhuiban.com/conference/200
768,ETAPS,European Joint Conferences on Theory and Practice of Software,2026-10-15,2026-12-22,2027-04-10,"Copenhagen, Denmark",B,,,61.12,575,0.8,False,2026-05-11,https://www.myhuiban.com/conference/768
202,FoSSaCS,International Conference on Foundations of Software Science and Computation Structures,2026-10-15,2026-12-22,2027-04-10,"Copenhagen, Denmark",,B,A2,81.63,177,1,False,2026-05-11,https://www.myhuiban.com/conference/202
5882,IC',International Conference on Innovative Computing,2026-10-15,2026-11-15,2027-01-17,"Okinawa, Japan",,,,46.49,2470,0.45,False,2026-09-08,https://www.myhuiban.com/conference/5882
2491,ICACS,"International Conference on Algorithms, Computing and Systems",2026-10-15,2026-11-15,2026-12-18,"Phuket, Thailand",,,,49.94,1638,0.45,True,2026-09-08,https://www.myhuiban.com/conference/2491
2897,ICCDA',International Conference on Computing and Data Analysis,2026-10-15,2026-11-15,2026-12-18,"Phuket, Thailand",,,,50.43,1525,0.45,True,2026-09-15,https://www.myhuiban.com/conference/2897
2934,ICCIDS,International Conference on Computational Intelligence in Data Science,2026-10-15,,2027-01-06,"Chennai, India",,,,50.65,1469,0.45,False,2026-09-02,https://www.myhuiban.com/conference/2934
5751,ICCR',International Conference on Cyber Resilience,2026-10-15,2026-11-05,2026-12-06,"Irbid, Jordan",,,,43.22,3721,0.45,False,2026-07-11,https://www.myhuiban.com/conference/5751
1934,ICCSCT,International Conference on Computer Systems and Communication Technology,2026-10-15,2026-11-10,2026-12-12,"Hong Kong, China",,,,49.14,1830,0.45,False,2026-09-21,https://www.myhuiban.com/conference/1934
4909,ICCVIT,"International Conference on Computer, Vision and Intelligent Technology",2026-10-15,2026-11-25,2026-12-18,"Beijing, China",,,,45.76,2688,0.45,False,2026-07-30,https://www.myhuiban.com/conference/4909
679,ICECC,"International Conference on Electronics, Communications and Control Engineering",2026-10-15,2026-11-15,2027-03-18,"Tokyo, Japan",,,,51.46,1311,0.45,False,2026-07-23,https://www.myhuiban.com/conference/679
5400,ICEDS,International Conference on Education Development and Studies,2026-10-15,2026-11-15,2027-04-15,"Glasgow, UK",,,,49.04,1852,0.45,False,2026-08-04,https://www.myhuiban.com/conference/5400
3232,ICFST,International Conference on Frontiers of Sensors Technologies,2026-10-15,2026-11-15,2027-03-18,"Tokyo, Japan",,,,49.7,1687,0.45,False,2026-07-29,https://www.myhuiban.com/conference/3232
4676,ICMSC,"International Conference on Mechanical, System and Control Engineering",2026-10-15,2026-10-25,2026-11-22,"Toyama, Japan",,,,49.61,1716,0.45,True,2026-09-22,https://www.myhuiban.com/conference/4676
190,ISPA,International Symposium on Parallel and Distributed Processing with Applications,2026-10-15,2026-11-10,2026-12-27,"Kuala Lumpur, Malaysia",C,C,B3,67.27,391,0.8,True,2026-10-06,https://www.myhuiban.com/conference/190
4914,MAIC,"International Conference on Mechatronics, Automation and Intelligent Control",2026-10-15,2026-10-30,2026-12-11,"Liuzhou, China",,,,48.63,1952,0.45,False,2026-08-26,https://www.myhuiban.com/conference/4914
5847,MMAL,International Conference on Multimodal Artificial Intelligence and Machine Learning,2026-10-15,2026-11-15,2027-01-15,Singapore,,,,39.18,5316,0.45,True,2026-09-01,https://www.myhuiban.com/conference/5847
1594,SocialCom,International Conference on Social Computing and Networking,2026-10-15,2026-11-10,2026-12-27,"Kuala Lumpur, Malaysia",,,,55.76,815,0.45,False,2026-10-06,https://www.myhuiban.com/conference/1594
1903,SpaCCS,"International Conference on Security, Privacy and Anonymity in Computation, Communication and Storage",2026-10-15,2026-11-10,2026-12-27,"Kuala Lumpur, Malaysia",,,,55.4,841,0.45,False,2026-10-06,https://www.myhuiban.com/conference/1903
1592,SustainCom,International Conference on Sustainable Computing and Communications,2026-10-15,2026-11-10,2026-12-27,"Kuala Lumpur, Malaysia",,,,54.08,946,0.45,False,2026-10-06,https://www.myhuiban.com/conference/1592
203,TACAS,International Conference on Tools and Algorithms for the Construction and Analysis of Systems,2026-10-15,2026-12-22,2027-04-10,"Copenhagen, Denmark",,A,A1,87.16,110,1,False,2026-05-11,https://www.myhuiban.com/conference/203
5527,iFS,International Conference on Foundations and Formal Methods for Software and Systems,2026-10-15,2026-12-22,2027-04-10,"Copenhagen, Denmark",,,,44.21,3177,0.25,False,2026-05-11,https://www.myhuiban.com/conference/5527
4665,DGMM,International Conference on Discrete Geometry and Mathematical Morphology,2026-10-16,2026-12-18,2027-04-13,"Grenoble, France",,,,46.44,2487,0.45,False,2026-10-09,https://www.myhuiban.com/conference/4665
1404,EDCC,European Dependable Computing Conference,2026-10-16,2026-12-11,2027-04-06,"Trondheim, Norway",,,B2,63.05,502,0.8,True,2026-10-06,https://www.myhuiban.com/conference/1404
2566,ICAMEM,International Conference on Advanced Materials and Engineering Materials,2026-10-16,2026-10-23,2026-12-18,Singapore,,,,53.44,1018,0.45,True,2026-09-28,https://www.myhuiban.com/conference/2566
5132,ICDM'',International Conference on Intelligent Computing and Data Mining,2026-10-16,2026-10-20,2026-10-30,"Changchun, China",,,,42.68,4011,0.45,False,2026-06-02,https://www.myhuiban.com/conference/5132
3312,ICFTIC,IEEE International Conference on Frontiers Technology of Information and Computer,2026-10-16,2026-10-23,2026-10-30,"Qingdao, China",,,,48.4,2007,0.45,False,2026-05-21,https://www.myhuiban.com/conference/3312
4679,ICHIH,International Conference on Health Big Data and Intelligent Healthcare,2026-10-16,2026-11-20,2026-12-25,"Hangzhou, China",,,,46.96,2339,0.45,False,2026-07-29,https://www.myhuiban.com/conference/4679
5507,MMLDS,"International Conference on Multimodality, Machine Learning and Data Science",2026-10-16,,2026-10-30,"Zhengzhou, China",,,,38.28,5402,0.45,False,2026-05-08,https://www.myhuiban.com/conference/5507
5151,SHWID,International Conference on Smart Healthcare and Wearable Intelligent Devices,2026-10-16,2026-10-25,2026-10-30,"Kuala Lumpur, Malaysia",,,,44.68,2981,0.45,True,2026-09-13,https://www.myhuiban.com/conference/5151
5823,SCIBT,International Conference on Smart Computing and Intelligent Business Technologies,2026-10-17,2026-11-18,2027-03-17,"Muscat, Oman",,,,43.57,3482,0.25,False,2026-07-14,https://www.myhuiban.com/conference/5823
5770,ICIMCIS,"International Conference on Informatics, Multimedia, Cyber, and Information System",2026-10-18,2026-10-30,2026-12-02,"Jakarta, Indonesia",,,,44.68,2981,0.25,False,2026-07-12,https://www.myhuiban.com/conference/5770
137,The Web Conference,The ACM Web Conference,2026-10-18,2027-01-04,2027-05-10,"Dublin, Ireland",A,A*,A1,97.06,5,1,False,2026-09-08,https://www.myhuiban.com/conference/137
1976,FSEN,"IPM International Conference on
Fundamentals of Software Engineering",2026-10-19,2026-12-18,2027-05-24,"Enschede, Netherlands",,,,50.28,1556,0.45,False,2026-05-16,https://www.myhuiban.com/conference/1976
678,PDP,"International Conference on Parallel, Distributed and Network-Based Processing",2026-10-19,2026-12-07,2027-03-17,"Barcelona, Spain",,C,B1,69.12,354,0.8,False,2026-10-09,https://www.myhuiban.com/conference/678
5211,TechDebt,International Conference on Technical Debt,2026-10-19,2027-01-11,2027-04-25,"Dublin, Ireland",,B,,57.71,696,0.8,False,2026-08-10,https://www.myhuiban.com/conference/5211
5579,AAMLDS,"International Conference on Advanced Algorithms, Machine Learning, and Data Science",2026-10-20,2026-11-10,2026-12-04,"Xiamen, China",,,,44.68,2981,0.25,True,2026-09-21,https://www.myhuiban.com/conference/5579
4822,ACEPE,Asia Conference on Advances in Electrical and Power Engineering,2026-10-20,2026-11-05,2026-11-20,"Sanya, China",,,,41.78,4634,0.45,True,2026-04-28,https://www.myhuiban.com/conference/4822
5505,AIBDCC,"International Conference on Artificial Intelligence, Big Data and Cloud Computing",2026-10-20,2026-10-25,2026-10-30,"Chengdu, China",,,,44.62,3001,0.25,True,2026-09-21,https://www.myhuiban.com/conference/5505
3360,AIIPCC,"International Conference on Artificial Intelligence, Information Processing and Cloud Computing ",2026-10-20,,2026-12-11,"Sanya, China",,,,49.89,1648,0.45,False,2026-09-21,https://www.myhuiban.com/conference/3360
3983,BDEE,International Conference on Big Data Engineering and Education,2026-10-20,2026-11-20,2027-04-16,"Zhengzhou, China",,,,48.29,2020,0.45,False,2026-08-18,https://www.myhuiban.com/conference/3983
2586,CCISP,"International Conference on Communication, Image and Signal Processing",2026-10-20,,2026-11-19,"Hefei, China",,,,51.23,1349,0.45,False,2026-01-07,https://www.myhuiban.com/conference/2586
4563,CDICS,"International Conference on Data, Information and Computing Science",2026-10-20,2026-10-30,2026-11-27,Singapore,,,,44.13,3208,0.45,True,2026-05-14,https://www.myhuiban.com/conference/4563
4485,CEAC,International Civil Engineering and Architecture Conference,2026-10-20,2026-11-20,2027-03-10,"Hanoi, Vietnam",,,,47.99,2101,0.45,False,2026-07-30,https://www.myhuiban.com/conference/4485
2231,CSAE,International Conference on Computer Science and Application Engineering,2026-10-20,,2026-11-21,Online,,,,54.02,951,0.45,True,2026-10-09,https://www.myhuiban.com/conference/2231
1722,DASIP,Workshop on Design and Architectures for Signal and Image Processing,2026-10-20,2026-12-14,2027-01-18,"Glasgow, Scotland, UK",,,,53.96,961,0.45,False,2026-07-05,https://www.myhuiban.com/conference/1722
2987,DSIS,International Conference on Data Science and Intelligent Systems,2026-10-20,2026-11-10,2026-11-20,"Hangzhou, China",,,,40.59,4979,0.45,True,2026-09-21,https://www.myhuiban.com/conference/2987
2620,DSIT,International Conference on Data Science and Information Technology,2026-10-20,2026-11-10,2026-11-27,"Taicang, China",,,,49.9,1644,0.45,True,2026-09-21,https://www.myhuiban.com/conference/2620
3398,IC4E,"International Conference on E-Education, E-Business, E-Management, and E-Learning",2026-10-20,2026-11-20,2027-03-26,"Fukuoka, Japan",,,,54.15,938,0.45,False,2026-07-29,https://www.myhuiban.com/conference/3398
4943,ICBCB,International Conference on Bioinformatics and Computational Biology,2026-10-20,2026-11-20,2027-03-26,"Xi an, China",,,,53,1076,0.45,False,2026-07-29,https://www.myhuiban.com/conference/4943
4637,ICBDAA,International Conference on Big Data Analysis and Application,2026-10-20,2026-10-30,2026-11-27,Singapore,,,,44.21,3177,0.25,True,2026-05-14,https://www.myhuiban.com/conference/4637
5244,ICBEA,International Conference on Biomedical Engineering and Applications,2026-10-20,2026-11-10,2027-03-26,"Xi an, China",,,,50.48,1510,0.45,False,2026-08-04,https://www.myhuiban.com/conference/5244
1127,ICCAE,International Conference on Computer and Automation Engineering,2026-10-20,2026-11-20,2027-03-12,"Melbourne, Australia",,,,56.45,768,0.45,False,2026-06-11,https://www.myhuiban.com/conference/1127
1994,ICCC'',IEEE International Conference on Computer and Communications,2026-10-20,2026-11-15,2026-12-11,"Chengdu, China",,,,53.14,1061,0.45,True,2026-10-09,https://www.myhuiban.com/conference/1994
3442,ICCCS''',International Conference on Computer and Communication Systems,2026-10-20,2026-11-20,2027-04-16,"Shenzhen, China",,,,54.89,875,0.45,False,2026-06-11,https://www.myhuiban.com/conference/3442
2924,ICECE,International Conference on Electronics and Communication Engineering,2026-10-20,2026-11-10,2026-12-26,"Xi an, China",,,,51.68,1271,0.45,True,2026-10-09,https://www.myhuiban.com/conference/2924
3143,ICEEI,International Conference on Engineering Education and Innovation,2026-10-20,2026-11-10,2026-12-26,"Bangkok, Thailand",,,,49.46,1749,0.45,True,2026-10-09,https://www.myhuiban.com/conference/3143
5205,ICMFM,International Conference on Materials Engineering and Functional Materials,2026-10-20,2026-11-10,2027-03-01,"Da Nang, Vietnam",,,,47.27,2253,0.45,False,2026-07-30,https://www.myhuiban.com/conference/5205
4712,ICMMT,International Conference on Materials and Manufacturing Technologies,2026-10-20,2026-11-20,2027-03-26,"Fukuoka, Japan",,,,52.65,1127,0.45,False,2026-07-05,https://www.myhuiban.com/conference/4712
5532,ICQH,International Quality Conference,2026-10-20,,2026-11-19,"Tashkent, Uzbekistan",,,,43.57,3482,0.25,False,2026-05-12,https://www.myhuiban.com/conference/5532
4147,ICRAIE,International Conference on Recent Advances and Innovations in Engineering,2026-10-20,2026-11-10,2026-12-11,"Nanjing, China",,,,50.54,1497,0.45,True,2026-09-21,https://www.myhuiban.com/conference/4147
4663,IEEE APSCON,International IEEE Applied Sensing Conference,2026-10-20,2026-12-15,2027-03-15,"Hyderabad, India",,,,46.44,2487,0.45,False,2026-07-14,https://www.myhuiban.com/conference/4663
5533,ITEC',International Teacher Education Conference,2026-10-20,,2026-11-19,"Tashkent, Uzbekistan",,,,44.21,3177,0.25,False,2026-05-12,https://www.myhuiban.com/conference/5533
2852,MLNLP,International Conference on Machine Learning and Natural Language Processing,2026-10-20,2026-11-10,2026-12-04,"Xiamen, China",,,,50.58,1491,0.45,True,2026-09-21,https://www.myhuiban.com/conference/2852
5197,MSIEID,Management Science Informatization and Economic Innovation Development Conference,2026-10-20,,2026-12-01,"Kunming, China",,,,48.62,1955,0.45,False,2026-09-02,https://www.myhuiban.com/conference/5197
572,MSR,Working Conference on Mining Software Repositories,2026-10-20,2027-01-08,2027-04-26,"Dublin, Ireland",C,A,B1,80.7,191,1,False,2026-08-10,https://www.myhuiban.com/conference/572
5506,PEESE,"International Conference on Power, Electrical and Energy Systems Engineering",2026-10-20,2026-10-25,2026-10-31,"Chengdu, China",,,,43.96,3265,0.25,True,2026-09-21,https://www.myhuiban.com/conference/5506
5024,PSETC,International Power and Sustainable Energy Technologies Conference,2026-10-20,2026-11-05,2026-11-13,Singapore,,,,39.88,5089,0.45,True,2026-09-21,https://www.myhuiban.com/conference/5024
4823,SGGEA,"Asia Conference on Smart Grid, Green Energy and Applications",2026-10-20,2026-11-05,2026-11-20,"Sanya, China",,,,41.56,4744,0.45,True,2026-04-28,https://www.myhuiban.com/conference/4823
5420,CVNN,International Conference on Computer Vision and Neural Networks,2026-10-21,,2027-01-29,"Harbin, China",,,,44.37,3124,0.45,False,2026-08-10,https://www.myhuiban.com/conference/5420
186,SEAMS,International Symposium on Software Engineering for Adaptive and Self-Managing Systems,2026-10-21,2026-12-03,2027-04-26,"Dublin, Ireland",,A,B3,67.5,382,0.8,False,2026-07-09,https://www.myhuiban.com/conference/186
2859,BIODEVICES,International Conference on Biomedical Electronics and Devices,2026-10-22,2026-12-04,2027-02-19,"Valletta, Malta",,,,56.41,769,0.45,False,2026-10-07,https://www.myhuiban.com/conference/2859
2892,BIOINFORMATICS,"International Conference on Bioinformatics Models, Methods and Algorithms",2026-10-22,2026-12-04,2027-02-19,"Valletta, Malta",,,,56.57,766,0.45,False,2026-10-07,https://www.myhuiban.com/conference/2892
2893,BIOSIGNALS,International Conference on Bio-inspired Systems and Signal Processing,2026-10-22,2026-12-04,2027-02-19,"Valletta, Malta",,,,56.94,740,0.45,False,2026-10-07,https://www.myhuiban.com/conference/2893
3380,CFIMA,International Conference on Frontiers of Intelligent Manufacturing and Automation,2026-10-22,2026-10-30,2026-11-20,"Xiamen, China",,,,41.56,4744,0.45,True,2026-03-19,https://www.myhuiban.com/conference/3380
3261,FCSIT,Eurasian Conference on Frontiers of Secure and Intelligent Computing,2026-10-22,,2026-11-20,"Kunming, China",,,,48.78,1910,0.45,True,2026-07-23,https://www.myhuiban.com/conference/3261
3350,HEALTHINF,International Conference on Health Informatics,2026-10-22,2026-12-04,2027-02-19,"Valletta, Malta",,,,56.41,769,0.45,False,2026-10-06,https://www.myhuiban.com/conference/3350
371,ICAART,International Conference on Agents and Artificial Intelligence,2026-10-22,2026-12-04,2027-02-23,"Valletta, Malta",,B,B4,67.45,383,0.8,False,2026-10-06,https://www.myhuiban.com/conference/371
1772,ICISSP,International Conference on Information Systems Security and Privacy,2026-10-22,2026-12-04,2027-02-22,"Valletta, Malta",,C,,59.05,640,0.8,False,2026-10-06,https://www.myhuiban.com/conference/1772
2849,ICORES,International Conference on Operations Research and Enterprise Systems,2026-10-22,2026-12-04,2027-02-20,"Valletta, Malta",,C,,58.33,671,0.8,False,2026-10-06,https://www.myhuiban.com/conference/2849
2853,ICPRAM,International Conference on Pattern Recognition Applications and Methods,2026-10-22,2026-12-04,2027-02-20,"Valletta, Malta",,C,,60.36,603,0.8,False,2026-10-07,https://www.myhuiban.com/conference/2853
2278,ISCID,International Symposium on Computational Intelligence and Design,2026-10-22,2026-11-22,2026-12-19,"Hangzhou, China",,,,55.35,847,0.45,False,2026-09-07,https://www.myhuiban.com/conference/2278
2340,JCCME,International Joint Conference on Coastal and Marine Engineering,2026-10-22,2026-11-05,2026-11-20,"Yantai, China",,,,45.39,2804,0.45,True,2026-06-16,https://www.myhuiban.com/conference/2340
2889,MODELSWARD,International Conference on Model-Driven Engineering and Software Development,2026-10-22,2026-12-04,2027-02-19,"Valletta, Malta",,C,,58.05,686,0.8,False,2026-10-07,https://www.myhuiban.com/conference/2889
5889,PRIA,International Conference on Pattern Recognition and Image Analysis,2026-10-22,2026-11-01,2026-11-06,"Zhengzhou, China",,,,41.26,4801,0.45,False,2026-09-13,https://www.myhuiban.com/conference/5889
657,VISAPP,International Conference on Computer Vision Theory and Applications,2026-10-22,2026-12-04,2027-02-26,"Valletta, Malta",,,B3,62.69,518,0.8,False,2026-10-07,https://www.myhuiban.com/conference/657
5852,3EAI,International Conference on Electrical and Electronics Engineering and Artificial Intelligence,2026-10-23,2026-10-30,2026-11-06,"Tumxuk, China",,,,37.52,5550,0.45,False,2026-08-04,https://www.myhuiban.com/conference/5852
4601,AIGC,International Conference on AI-generated Content,2026-10-23,2026-11-03,2026-12-26,"Guangzhou, China",,,,46.43,2497,0.45,True,2026-09-21,https://www.myhuiban.com/conference/4601
4316,CHASE',International Conference on Cooperative and Human Aspects of Software Engineering,2026-10-23,2026-12-18,2027-04-26,"Dublin, Ireland",,B,,63.31,499,0.8,False,2026-07-30,https://www.myhuiban.com/conference/4316
2906,CVM,International Conference on Computational Visual Media,2026-10-23,2026-12-15,2027-04-09,Singapore,C,,,64.03,475,0.8,False,2026-09-21,https://www.myhuiban.com/conference/2906
5885,DILSCM,International Academic Conference on Digital and Intelligent Transportation and Logistics Supply Chain Management,2026-10-23,2026-10-30,2026-11-06,"Jiangmen, China",,,,45.41,2799,0.45,False,2026-09-08,https://www.myhuiban.com/conference/5885
515,FG,International Conference on Automatic Face and Gesture Recognition,2026-10-23,2026-12-20,2027-04-26,"Marrakesh, Morocco",C,B,A1,81.16,184,1,True,2026-10-09,https://www.myhuiban.com/conference/515
5744,TRUST,ACM Conference on Trustworthy and Responsible AI and Computing Systems,2026-10-24,2026-12-31,2027-03-07,"Washington DC, USA",,,,44.76,2968,0.25,False,2026-07-11,https://www.myhuiban.com/conference/5744
1803,ARC,International Symposium on Applied Reconfigurable Computing,2026-10-25,2026-12-07,2027-03-31,"Berlin, Germany",,,,54.74,886,0.45,False,2026-10-09,https://www.myhuiban.com/conference/1803
4788,CTCNet,"Asia Pacific Conference on Computing Technologies, Communications and Networking",2026-10-25,2026-11-25,2026-12-25,"Xiamen, China",,,,46.01,2613,0.45,False,2026-08-18,https://www.myhuiban.com/conference/4788
5210,FORGE,ACM international conference on AI Foundation Models and Software Engineering,2026-10-25,2027-01-04,2027-04-26,"Dublin, Ireland",,,,45.63,2727,0.45,False,2026-08-09,https://www.myhuiban.com/conference/5210
1093,ICCNS,International Conference on Communication and Network Security,2026-10-25,2026-11-20,2026-12-19,"Harbin, China",,,,55.6,827,0.45,True,2026-09-15,https://www.myhuiban.com/conference/1093
4872,ICCR,International Conference on Control and Robotics,2026-10-25,2026-11-15,2026-12-11,"Tokyo, Japan",,,,48.93,1880,0.45,True,2026-08-28,https://www.myhuiban.com/conference/4872
1375,ICMLC,International Conference on Machine Learning and Computing,2026-10-25,2026-11-25,2027-02-26,"Shenzhen, China",,,B4,59.66,619,0.8,True,2026-10-06,https://www.myhuiban.com/conference/1375
1821,ICPRS,International Conference of Pattern Recognition Systems,2026-10-25,2026-12-28,2027-03-08,"Talence, France",,,,53.94,963,0.45,False,2026-09-29,https://www.myhuiban.com/conference/1821
2756,ICVIP,International Conference on Video and Image Processing,2026-10-25,2026-11-15,2026-12-11,"Shanghai, China",,,,50.4,1528,0.45,True,2026-08-28,https://www.myhuiban.com/conference/2756
5904,EuroSimE,"International Conference on Thermal, Mechanical and Multiphysics Simulation and Experiments in Microelectronics and Microsystems",2026-10-26,2026-12-17,2027-04-11,"Regensburg, Germany",,,,51.41,1320,0.45,False,2026-10-09,https://www.myhuiban.com/conference/5904
479,ISBI,International Symposium on Biomedical Imaging,2026-10-26,2027-01-12,2027-05-25,"Lausanne, Switzerland",,,B1,68.95,355,0.8,False,2026-09-04,https://www.myhuiban.com/conference/479
5000,FAccT,"ACM Conference on Fairness, Accountability, and Transparency",2026-10-27,2027-03-23,2027-06-21,"Porto, Portugal",,,,52.62,1132,0.45,False,2026-09-25,https://www.myhuiban.com/conference/5000
5718,AROB,International Symposium on Artificial Life and Robotics,2026-10-28,2026-11-11,2027-01-19,"Beppu, Japan",,C,,55.73,818,0.8,False,2026-07-04,https://www.myhuiban.com/conference/5718
477,RECOMB,International Conference on Research in Computational Molecular Biology,2026-10-28,2026-12-22,2027-05-17,"Toronto, Ontario, Canada",B,B,A2,87.72,103,1,False,2026-09-14,https://www.myhuiban.com/conference/477
5895,HSCC+ICCPS,ACM/IEEE International Conference on Cyber-Physical and Autonomous Systems,2026-10-29,2027-01-28,2027-05-17,"Boulder, Colorado, USA",,,,43.96,3265,0.25,False,2026-09-25,https://www.myhuiban.com/conference/5895
5784,ICIPCN,International Conference on Image Processing and Capsule Networks,2026-10-29,2026-11-26,2027-01-21,"Tamil Nadu, India",,,,43.57,3482,0.25,False,2026-07-13,https://www.myhuiban.com/conference/5784
5798,ICPECA,"International Conference on Power, Electronics and Computer Applications",2026-10-29,2026-12-10,2027-01-29,"Shenyang, China",,,,44.47,3088,0.45,False,2026-07-13,https://www.myhuiban.com/conference/5798
4974,IDCIoT,International Conference on Intelligent Data Communication Technologies and Internet of Things,2026-10-29,2026-11-26,2027-01-21,"Ottapalam, Kerala, India",,,,46.74,2387,0.45,False,2026-07-13,https://www.myhuiban.com/conference/4974
61,SenSys,ACM/IEEE Conference on Embedded Artificial Intelligence and Sensing Systems,2026-10-29,2027-01-28,2027-05-17,"Boulder, Colorado, USA",B,,A1,93.18,32,1,False,2026-09-25,https://www.myhuiban.com/conference/61
3920,AEEES,Asia Energy and Electrical Engineering Symposium,2026-10-30,2026-11-30,2027-03-19,"Chengdu, China",,,,50.25,1561,0.45,False,2026-09-02,https://www.myhuiban.com/conference/3920
4951,AIAT,International Conference on Artificial Intelligence and Application Technologies,2026-10-30,2026-11-25,2026-12-11,"Tokyo, Japan",,,,45.52,2757,0.45,True,2026-08-20,https://www.myhuiban.com/conference/4951
5135,AISNS,"International Conference on Artificial Intelligence, Systems and Network Security",2026-10-30,2026-10-30,2026-11-13,"Chongqing, China",,,,44.26,3152,0.45,False,2026-06-02,https://www.myhuiban.com/conference/5135
5208,AST,ACM/IEEE International Conference on Automation of Software Test,2026-10-30,2027-01-08,2027-04-26,"Dublin, Ireland",,C,,52.03,1216,0.8,False,2026-08-09,https://www.myhuiban.com/conference/5208
5209,CAIN,International Conference on AI Engineering – Software Engineering for AI,2026-10-30,2027-01-11,2027-04-25,"Dublin, Ireland",,B,,56.16,779,0.8,False,2026-08-09,https://www.myhuiban.com/conference/5209
3939,EECT',"International Conference on Advances in Electrical, Electronics and Computing Technology",2026-10-30,2026-11-30,2027-03-27,"Shanghai, China",,,,50.94,1407,0.45,False,2026-07-21,https://www.myhuiban.com/conference/3939
3047,FormaliSE,International Conference on Formal Methods in Software Engineering,2026-10-30,2027-01-11,2027-04-26,"Dublin, Ireland",,,,52.56,1138,0.45,False,2026-08-10,https://www.myhuiban.com/conference/3047
4460,ICAIRC,"International Conference on Artificial Intelligence, Robotics, and Communication",2026-10-30,2026-11-07,2026-11-13,"Xiamen, China",,,,48.63,1952,0.45,False,2026-07-23,https://www.myhuiban.com/conference/4460
4077,ICBBE,International Conference on Biomedical and Bioinformatics Engineering,2026-10-30,2026-11-15,2026-12-25,"Hokkaido, Japan",,,,52.75,1113,0.45,True,2026-10-09,https://www.myhuiban.com/conference/4077
3965,ICCECE',IEEE International Conference on Consumer Electronics and Computer Engineering,2026-10-30,2026-12-01,2027-01-15,"Xiangtan, China",,,,50.53,1500,0.45,False,2026-07-21,https://www.myhuiban.com/conference/3965
4888,ICCRD,International Conference on Computer Research and Development,2026-10-30,2026-11-20,2027-01-15,Singapore,,,,51.59,1290,0.45,True,2026-10-09,https://www.myhuiban.com/conference/4888
3440,ICESD,International Conference on Environmental Science and Development,2026-10-30,2026-11-30,2027-03-28,"Tokyo, Japan",,,,52.65,1127,0.45,False,2026-09-13,https://www.myhuiban.com/conference/3440
2785,ICICT'',International Conference on Information and Computer Technologies,2026-10-30,2026-11-30,2027-03-10,"Honolulu, Hawaii, USA",,,,49.52,1733,0.45,False,2026-05-01,https://www.myhuiban.com/conference/2785
2376,ICIM,International Conference on Information Management,2026-10-30,2026-12-10,2027-03-19,"Cambridge, UK",,,,52.73,1117,0.45,False,2026-07-23,https://www.myhuiban.com/conference/2376
1578,ICIN,"International ICIN Conference Innovations in Clouds, Internet and Networks",2026-10-30,2026-12-13,2027-03-15,"Pisa, Italy",,,,67.28,390,0.65,False,2026-06-17,https://www.myhuiban.com/conference/1578
2996,ICIT'',International Conference on Information Technology: IoT and Smart City,2026-10-30,2026-11-20,2026-12-11,"Shanghai, China",,,,55.04,864,0.45,True,2026-08-20,https://www.myhuiban.com/conference/2996
5825,ICLIST,International Conference on Learning Innovation in Science and Technology,2026-10-30,2026-11-15,2027-03-18,"Bangkok, Thailand",,,,45.1,2853,0.45,False,2026-07-15,https://www.myhuiban.com/conference/5825
2975,ICMLSC,International Conference on Machine Learning and Soft Computing,2026-10-30,2026-11-20,2027-01-29,"Tokyo, Japan",,,,52.25,1185,0.45,True,2026-10-09,https://www.myhuiban.com/conference/2975
2949,ICNCC,"International Conference on Network, Communication and Computing",2026-10-30,2026-11-30,2026-12-10,"Kuala Lumper, Malaysia",,,,51.44,1312,0.45,True,2026-08-20,https://www.myhuiban.com/conference/2949
176,ICSA,IEEE International Conference on Software Architecture,2026-10-30,2026-12-15,2027-03-08,"Sydney, Australia",C,A,B1,78.86,216,1,False,2026-03-22,https://www.myhuiban.com/conference/176
5799,IDIM,International Conference on Innovative Design and Intelligent Manufacturing,2026-10-30,2026-11-30,2027-01-30,"Bali, Indonesia",,,,43.57,3482,0.25,False,2026-07-13,https://www.myhuiban.com/conference/5799
3168,IWEG,International Workshop on Environment and Geoscience,2026-10-30,,2026-11-22,"Shanghai, China",,,,50.25,1561,0.45,False,2026-09-02,https://www.myhuiban.com/conference/3168
1810,ADNTIIC,"International Conference on Advances in New Technologies, Interactive Interfaces and Communicability",2026-10-31,,2026-11-17,"Montevideo, Uruguay",,,,49.17,1827,0.45,False,2026-03-02,https://www.myhuiban.com/conference/1810
5820,AICARE,"International Conference on Artificial Intelligence for Computing, Astronomy, and Renewable Energy",2026-10-31,2027-01-30,2027-03-06,"Kolkata, India",,,,39.71,5156,0.45,False,2026-07-14,https://www.myhuiban.com/conference/5820
1940,ESIHISE,"International Conference on Evolution of the Sciences, Informatics, Human Integration and Scientific Education ",2026-10-31,,2026-11-19,"Montevideo, Uruguay",,,,45.93,2633,0.45,False,2026-03-02,https://www.myhuiban.com/conference/1940
1809,HCITISI,"Argentine Conference on Human-Computer Interaction, Telecommunications, Informatics and Scientific Information",2026-10-31,,2026-11-26,"Cordoba, Argentina",,,,48.17,2062,0.45,False,2026-03-02,https://www.myhuiban.com/conference/1809
4965,L&T,International Learning and Technology Conference,2026-10-31,,2027-02-01,"Jeddah, Saudi Arabia",,,,54.13,941,0.45,False,2026-09-02,https://www.myhuiban.com/conference/4965
2080,RadarConf,IEEE Radar Conference,2026-10-31,2027-01-15,2027-05-01,"Bangalore, India",,,,52.6,1134,0.45,False,2026-07-19,https://www.myhuiban.com/conference/2080
5628,SAFEPROCESS,"IFAC Symposium on Fault Detection, Supervision and Safety for Technical Processes",2026-10-31,2027-02-28,2027-06-29,"Delft, the Netherlands",,C,,50.8,1436,0.8,False,2026-06-26,https://www.myhuiban.com/conference/5628
996,SIROCCO,International Colloquium on Structural Information and Communication Complexity,2026-10-31,2027-01-30,2027-06-02,"Larnaca, Cyprus",,B,B2,70.68,327,1,False,2026-09-08,https://www.myhuiban.com/conference/996
2576,CEES,International Conference on Clean Energy and Electrical Systems,2026-11-01,2026-12-01,2027-04-28,"Osaka, Japan",,,,49.19,1810,0.45,False,2026-09-13,https://www.myhuiban.com/conference/2576
1598,EuroGP,European Conference on Genetic Programming,2026-11-01,2027-01-10,2027-07-31,"Mainz, Germany",,B,B1,74.83,266,1,False,2026-08-04,https://www.myhuiban.com/conference/1598
5202,EvoApplications,International Conference on the Applications of Evolutionary Computation,2026-11-01,2027-01-10,2027-03-31,"Mainz, Germany",,B,,63.41,497,0.8,False,2026-08-04,https://www.myhuiban.com/conference/5202
1349,EvoCOP,European Conference on Evolutionary Computation in Combinatorial Optimisation,2026-11-01,2027-01-10,2027-03-31,"Mainz, Germany",,B,B2,72.34,301,1,False,2026-08-04,https://www.myhuiban.com/conference/1349
5853,EvoLearn,International Conference on Evolutionary Computation and Learning,2026-11-01,2027-01-10,2027-03-31,"Mainz, Germany",,,,37.31,5559,0.45,False,2026-08-04,https://www.myhuiban.com/conference/5853
3416,EvoMUSART,"International Conference on Computational Intelligence in Music, Sound, Art and Design",2026-11-01,2027-01-10,2027-03-31,"Mainz, Germany",,C,,64.25,466,1,False,2026-08-06,https://www.myhuiban.com/conference/3416
2370,HOST,IEEE International Symposium on Hardware-Oriented Security and Trust,2026-11-01,2027-02-09,2027-05-03,"Washington DC, USA",,,,54.54,903,0.45,False,2026-07-05,https://www.myhuiban.com/conference/2370
2577,ICMET,International Conference on Mechanical and Electrical Technology,2026-11-01,2026-12-01,2027-04-28,"Osaka, Japan",,,,52.82,1100,0.45,False,2026-09-02,https://www.myhuiban.com/conference/2577
5831,ICMTS,IEEE International Conference on Microelectronic Test Structures,2026-11-01,2027-01-15,2027-04-05,"Udine, Italy",,,,53.14,1061,0.45,False,2026-07-15,https://www.myhuiban.com/conference/5831
2565,ICRMV,International Conference on Robotics and Machine Vision,2026-11-01,2026-12-01,2027-03-19,"Haining, China",,,,50.59,1488,0.45,False,2026-06-11,https://www.myhuiban.com/conference/2565
3249,IMA,International Conference on Intelligent Manufacturing and Automation,2026-11-01,,2027-01-15,"Sanya, China",,,,49.87,1652,0.45,False,2026-09-02,https://www.myhuiban.com/conference/3249
5148,ISCAIT,International Symposium on Computer Applications and Information Technology,2026-11-01,,2027-01-15,"Chengdu, China",,,,47.44,2211,0.45,False,2026-07-30,https://www.myhuiban.com/conference/5148
503,ACE,Australasian Computing Education Conference,2026-11-02,2026-12-17,2027-02-01,"Canberra, Australia",,B,B2,64.09,473,0.8,False,2026-08-18,https://www.myhuiban.com/conference/503
934,ICST,"International Conference on Software Testing, Verification and Validation",2026-11-02,2027-02-20,2027-05-17,"San Sebastian, Spain",C,A,B2,81.11,185,1,False,2026-07-08,https://www.myhuiban.com/conference/934
359,STOC,ACM Symposium on Theory of Computing,2026-11-02,2027-02-01,2027-06-06,"Atlanta, Georgia, USA",A,A*,A1,92.67,43,1,False,2026-09-21,https://www.myhuiban.com/conference/359
5216,HNNDL,"International Conference on Human-Computer Interaction, Neural Networks and Deep Learning",2026-11-03,2026-12-08,2027-01-22,"Qingdao, China",,,,42.88,3819,0.45,False,2026-08-04,https://www.myhuiban.com/conference/5216
3387,ISoIRS,International Symposium on Intelligent Robotic Systems,2026-11-04,2027-01-14,2027-04-16,"Shenzhen, China",,,,48.29,2020,0.45,False,2026-07-23,https://www.myhuiban.com/conference/3387
4890,AITC',International Conference on Artificial Intelligence of Things and Computing,2026-11-05,,2026-11-20,"Hangzhou, China",,,,44.42,3097,0.45,False,2026-06-18,https://www.myhuiban.com/conference/4890
4879,CCAT,International Conference on Computer Applications Technology,2026-11-05,2026-11-30,2026-12-18,"Fukuoka, Japan",,,,44.27,3143,0.45,True,2026-09-11,https://www.myhuiban.com/conference/4879
4933,CSTE,International Conference on Computer Science and Technologies in Education,2026-11-05,2026-12-05,2027-04-09,"Wuhan, China",,,,50.28,1556,0.45,False,2026-06-11,https://www.myhuiban.com/conference/4933
5528,GBSCE,International Conference on Green Building and Sustainable Civil Engineering,2026-11-05,2026-11-15,2026-12-06,"Sydney, Australia",,,,43.79,3394,0.25,True,2026-05-14,https://www.myhuiban.com/conference/5528
3576,ICBCT,International Conference on Blockchain Technology,2026-11-05,2026-12-05,2027-03-27,"Sapporo, Japan",,,,48.96,1869,0.45,False,2026-06-11,https://www.myhuiban.com/conference/3576
4906,ICCGV,International Conference on Computer Graphics and Virtuality,2026-11-05,2026-12-05,2027-03-27,"Sapporo, Japan",,,,50.89,1423,0.45,False,2026-06-11,https://www.myhuiban.com/conference/4906
1391,ICEIT,International Conference on Educational and Information Technology,2026-11-05,2026-12-05,2027-03-26,"Chongqing, China",,,B5,51.3,1335,0.8,False,2026-05-01,https://www.myhuiban.com/conference/1391
3397,ICFEE,International Conference on Future Environment and Energy,2026-11-05,2026-11-25,2027-03-26,"Kyoto, Japan",,,,53.19,1051,0.45,False,2026-09-02,https://www.myhuiban.com/conference/3397
573,ICPC,International Conference on Program Comprehension,2026-11-05,2027-01-14,2027-04-25,"Dublin, Ireland",B,A,A2,82.3,168,1,False,2026-08-10,https://www.myhuiban.com/conference/573
5565,ICRIC,International Conference on Robotics and Intelligent Control,2026-11-05,2026-12-05,2027-02-17,"Milan, Italy",,,,43.96,3265,0.25,True,2026-10-09,https://www.myhuiban.com/conference/5565
2808,ICSIM,International Conference on Software Engineering and Information Management,2026-11-05,2026-12-01,2027-01-20,"Tokyo, Japan",,,,51.43,1315,0.45,True,2026-10-09,https://www.myhuiban.com/conference/2808
4994,IS-AII,International Symposium on Artificial Intelligence Innovations,2026-11-05,2026-12-17,2027-01-09,to be updated,,,,44.56,3031,0.45,False,2026-07-30,https://www.myhuiban.com/conference/4994
1850,REFSQ,Requirements Engineering: Foundation for Software Quality,2026-11-05,2027-01-14,2027-04-12,"Basel, Switzerland",C,B,,65.36,431,0.8,False,2026-03-22,https://www.myhuiban.com/conference/1850
349,RTAS,IEEE Real-Time and Embedded Technology and Applications Symposium,2026-11-05,2027-01-28,2027-05-11,"New York City, New York, USA",B,A,A2,89.8,72,1,False,2026-07-18,https://www.myhuiban.com/conference/349
4254,BDICN,"International Conference on Big Data, Information and Computer Network",2026-11-06,2026-12-01,2027-01-15,"Beijing, China",,,,48.55,1980,0.45,False,2026-09-02,https://www.myhuiban.com/conference/4254
2511,CCWC,IEEE Annual Computing and Communication Workshop and Conference,2026-11-06,2026-11-20,2027-01-04,"Las Vegas, Nevada, USA",,,,55.36,846,0.45,False,2026-07-19,https://www.myhuiban.com/conference/2511
3037,ICGHIT,International Conference on Green and Human Information Technology,2026-11-06,2026-12-18,2027-01-20,"Jakarta, Indonesia",,,,51.72,1266,0.45,False,2026-09-13,https://www.myhuiban.com/conference/3037
3786,ICMLCA,International Conference on Machine Learning  and Computer  Application,2026-11-06,2026-11-13,2026-11-20,"Hangzhou, China",,,,47.39,2220,0.45,False,2026-05-21,https://www.myhuiban.com/conference/3786
3847,ICPHDS,International Conference on Public Health and Data Science,2026-11-06,2026-11-13,2026-11-20,"Dalian, China",,,,47.28,2249,0.45,False,2026-07-23,https://www.myhuiban.com/conference/3847
5782,SMAP,"IEEE Symposium on Microwave, Antenna, and Propagation",2026-11-06,2026-12-06,2027-01-20,"Jakarta, Indonesia",,,,43.57,3482,0.25,False,2026-07-13,https://www.myhuiban.com/conference/5782
4285,AMNA,"International Conference on Algorithms, Microchips and Network Applications",2026-11-07,2026-12-07,2027-01-22,"Tianjin, China",,,,49,1861,0.45,False,2026-07-29,https://www.myhuiban.com/conference/4285
5068,ICAPE,International Conference on Aerospace Propulsion Engineering,2026-11-07,2026-11-23,2026-12-04,"Xi an, China",,,,42.88,3819,0.45,True,2026-08-12,https://www.myhuiban.com/conference/5068
5250,ICTEC,International Conference on Traffic Engineering and Control,2026-11-08,2026-12-23,2027-01-15,"Nanjing, China",,,,43.38,3644,0.45,False,2026-08-04,https://www.myhuiban.com/conference/5250
2445,JCICE,International Joint Conference on Information and Communication Engineering,2026-11-08,2027-01-17,2027-05-14,"Chengdu, China",,,,51.54,1297,0.45,False,2026-09-02,https://www.myhuiban.com/conference/2445
286,PacificVis,IEEE Pacific Visualization Symposium,2026-11-08,2026-12-15,2027-04-19,"Busan, South Korea",C,B,B3,66.13,413,0.8,False,2026-07-07,https://www.myhuiban.com/conference/286
5792,RPIC,International Conference on Robot Perception and Intelligent Control,2026-11-08,,2027-01-22,"Tokyo, Japan",,,,39.49,5269,0.45,False,2026-07-13,https://www.myhuiban.com/conference/5792
5800,ICAAIC,International Conference on Applied Artificial Intelligence and Computing,2026-11-09,2026-12-07,2027-02-01,"Salem, Tamil Nadu, India",,,,43.61,3471,0.45,False,2026-07-13,https://www.myhuiban.com/conference/5800
5809,ICEARS,International Conference on Electronics and Renewable Systems,2026-11-09,2026-12-07,2027-02-22,"Tuticorin, India",,,,43.22,3721,0.45,False,2026-07-14,https://www.myhuiban.com/conference/5809
319,ISCA,International Symposium on Computer Architecture,2026-11-09,2027-03-26,2027-06-05,"Atlanta, Georgia, USA",A,A*,A1,95.66,11,1,False,2026-10-09,https://www.myhuiban.com/conference/319
312,NOMS,IEEE/IFIP Network Operations and Management Symposium,2026-11-09,2027-01-15,2027-05-10,"Montreal, Quebec, Canada",,B,A2,85.73,123,1,False,2026-09-21,https://www.myhuiban.com/conference/312
2483,AAME,"International Conference on Aeronautical, Aerospace and Mechanical Engineering",2026-11-10,2026-12-10,2027-03-26,"Ningbo, China",,,,51.04,1385,0.45,False,2026-07-29,https://www.myhuiban.com/conference/2483
1972,CSAI,International Conference on Computer Science and Artificial Intelligence,2026-11-10,2026-11-30,2026-12-18,"Beijing, China",,,,51.15,1368,0.45,True,2026-05-22,https://www.myhuiban.com/conference/1972
407,CVPR,IEEE Conference on Computer Vision and Pattern Recognition,2026-11-10,2027-02-25,2027-06-20,"Seattle, Washington, USA",A,A*,A1,94.52,18,1,False,2026-09-26,https://www.myhuiban.com/conference/407
4701,FICMSS,"International Conference on the Frontiers of Intelligent Control, Measurement and Signal Systems",2026-11-10,2026-12-18,2027-01-08,"Xi an, China",,,,46.29,2521,0.45,False,2026-07-30,https://www.myhuiban.com/conference/4701
5153,ICAMAM,International Conference on Applied Mechanics and Advanced Materials,2026-11-10,,2027-01-22,"Tai an, China",,,,48.11,2075,0.45,False,2026-08-04,https://www.myhuiban.com/conference/5153
3400,ICAPM,International Conference on Applied Physics and Mathematics,2026-11-10,2026-12-10,2027-04-16,"Kyoto, Japan",,,,52.52,1143,0.45,False,2026-07-29,https://www.myhuiban.com/conference/3400
3606,ICCAI',International Conference on Computing and Artificial Intelligence,2026-11-10,2026-11-30,2027-04-23,"Seoul, South Korea",,,,54.82,881,0.45,False,2026-07-23,https://www.myhuiban.com/conference/3606
4008,ICCCV,International Conference on Control and Computer Vision,2026-11-10,2026-12-10,2027-04-02,"Tianjin, China",,,,51.92,1243,0.45,False,2026-07-23,https://www.myhuiban.com/conference/4008
2082,ICDIP,International Conference on Digital Image Processing,2026-11-10,2026-12-10,2027-04-16,"Beijing, China",,,,56.97,736,0.45,False,2026-06-11,https://www.myhuiban.com/conference/2082
3544,ICIET,International Conference on Information and Education Technology,2026-11-10,2026-12-10,2027-04-09,"Osaka, Japan",,,,53.36,1029,0.45,False,2026-07-29,https://www.myhuiban.com/conference/3544
5227,ICMENS,International Conference on Materials Engineering and Nano Sciences,2026-11-10,2026-12-05,2027-03-28,"Osaka, Japan",,,,50.34,1541,0.45,False,2026-08-04,https://www.myhuiban.com/conference/5227
2901,ICMSR,International Conference on Mechatronic Systems and Robots,2026-11-10,2026-11-30,2026-12-18,Singapore,,,,48.02,2091,0.45,True,2026-05-22,https://www.myhuiban.com/conference/2901
4886,ICRCA,"International Conference on Robotics, Control and Automation",2026-11-10,2026-12-10,2027-03-26,"Aizuwakamatsu, Japan",,,,51.01,1390,0.45,False,2026-06-11,https://www.myhuiban.com/conference/4886
5237,IMIP,International Conference on Intelligent Medicine and Image Processing,2026-11-10,2026-11-30,2027-04-23,"Seoul, South Korea",,,,49.61,1716,0.45,False,2026-08-04,https://www.myhuiban.com/conference/5237
5711,IPAS,IEEE International Conference on Image Processing Applications and Systems,2026-11-10,2026-12-15,2027-04-06,"Castellon de la Plana, Spain",,C,,48.09,2079,0.8,False,2026-07-04,https://www.myhuiban.com/conference/5711
5350,IVEC,International IEEE Vacuum Electronics Conference,2026-11-10,2026-12-28,2027-03-15,"Bengaluru, India",,,,55.09,861,0.45,False,2026-08-10,https://www.myhuiban.com/conference/5350
5224,RAITS,"International Conference on Robotics, Automation and Intelligent Transportation Systems",2026-11-10,2026-12-25,2027-01-22,"Xi an, China",,,,42.88,3819,0.45,False,2026-08-07,https://www.myhuiban.com/conference/5224
289,S&P,IEEE Symposium on Security and Privacy,2026-11-10,2027-03-05,2027-05-18,"Montreal, Canada",A,A*,,98.39,1,1,False,2026-07-05,https://www.myhuiban.com/conference/289
549,DAC,Design Automation Conference,2026-11-11,2027-03-08,2027-07-11,"San Jose, California, USA",,A*,A1,94.81,17,1,False,2026-10-09,https://www.myhuiban.com/conference/549
135,ICDE,International Conference on Data Engineering,2026-11-11,2027-02-10,2027-05-17,"Copenhagen, Denmark",A,A*,A1,97.38,3,1,False,2026-06-05,https://www.myhuiban.com/conference/135
5804,ICRFCS,International Conference on Reasoning AI in Future Communication Systems,2026-11-12,2026-12-10,2027-02-04,"Bengaluru, India",,,,43.27,3665,0.25,False,2026-07-14,https://www.myhuiban.com/conference/5804
164,PLDI,ACM SIGPLAN conference on Programming Language Design and Implementation,2026-11-12,2027-03-04,2027-06-05,"Atlanta, Georgia, USA",A,A*,A1,94.17,20,1,False,2026-09-10,https://www.myhuiban.com/conference/164
5589,ACC',Australasian Combinatorics Conference,2026-11-13,,2026-12-07,"Melbourne, Australia",,C,,56.9,745,0.8,False,2026-06-22,https://www.myhuiban.com/conference/5589
2462,CogSIMA,IEEE Conference on Cognitive and Computational Aspects of Situation Management,2026-11-13,2027-02-25,2027-06-01,"Veszprém, Hungary",,,,53.03,1074,0.45,False,2026-09-02,https://www.myhuiban.com/conference/2462
1489,VTS,VLSI Test Symposium,2026-11-13,2027-01-29,2027-04-26,"Napa, California, USA",C,,A2,75.16,262,0.8,False,2026-09-09,https://www.myhuiban.com/conference/1489
1412,ACMSE,ACM Southeast Conference,2026-11-14,2027-02-20,2027-04-15,"Cape Girardeau, Missouri, USA",,,,59.21,635,0.45,False,2026-07-11,https://www.myhuiban.com/conference/1412
5819,ECETES,"European Conference on Emerging Technologies, Engineering and Science",2026-11-14,2027-02-14,2027-03-05,"Berlin, Germany",,,,37,5596,0.45,False,2026-07-14,https://www.myhuiban.com/conference/5819
4515,NNICE,"International Conference on Neural Networks, Information and Communication Engineering",2026-11-14,2026-12-14,2027-01-29,"Dongguan, China",,,,48.16,2064,0.45,False,2026-07-30,https://www.myhuiban.com/conference/4515
5586,AISC,Australasian Information Security Conference,2026-11-15,2026-12-10,2027-02-01,"Canberra, Australia",,C,,56.14,782,0.8,False,2026-08-18,https://www.myhuiban.com/conference/5586
5585,AusPDC,Australasian Symposium on Parallel and Distributed Computing,2026-11-15,2026-12-15,2027-02-01,"Canberra, Australia",,C,,57.14,722,0.8,False,2026-08-18,https://www.myhuiban.com/conference/5585
4758,CoMEA,International Conference of Mechanical Engineering on Aerospace,2026-11-15,2027-01-24,2027-05-21,"Beijing, China",,,,45.02,2860,0.45,False,2026-09-23,https://www.myhuiban.com/conference/4758
3085,ICMEN,International Conference on Materials Engineering and Nanotechnology,2026-11-15,2026-12-10,2027-04-02,"Kyoto, Japan",,,,47.94,2116,0.45,False,2026-10-02,https://www.myhuiban.com/conference/3085
1929,ICRITO,"International Conference on Reliability, Infocom Technologies and Optimization",2026-11-15,2026-12-31,2027-02-11,"Noida, India",,,,51.17,1362,0.45,False,2026-07-14,https://www.myhuiban.com/conference/1929
4697,ICSGPS,International Conference on Smart Grids and Power Systems,2026-11-15,2026-12-25,2027-01-15,"Gold Coast, Australia",,,,45.63,2727,0.45,False,2026-07-29,https://www.myhuiban.com/conference/4697
2062,ISNN,International Symposium on Neural Networks,2026-11-15,2026-12-15,2027-05-09,"Hangzhou, China",,C,,58.97,643,0.8,False,2026-09-29,https://www.myhuiban.com/conference/2062
5588,ITCSREC,International and Transnational Computer Science Research and Education Conference,2026-11-15,2026-12-15,2027-02-01,"Canberra, Australia",,,,42.71,3995,0.45,False,2026-08-26,https://www.myhuiban.com/conference/5588
5576,PEED,International Conference on Power Electronics and Electric Drives,2026-11-15,2026-12-15,2027-02-27,"Nanjing, China",,,,41.26,4801,0.45,False,2026-06-14,https://www.myhuiban.com/conference/5576
5794,Pan Pac,Pan Pacific Strategic Electronics Symposium,2026-11-15,,2027-01-25,"Maui, Hawaii, USA",,,,43.27,3665,0.25,False,2026-07-13,https://www.myhuiban.com/conference/5794
4978,TPEC,IEEE Texas Power and Energy Conference,2026-11-15,2027-01-05,2027-02-07,"College Station, Texas, USA",,,,50.34,1541,0.45,False,2026-09-25,https://www.myhuiban.com/conference/4978
3451,WCCCT,World Conference on Computing and Communication Technologies,2026-11-15,2026-12-15,2027-04-16,"Chengdu, China",,,,52.48,1150,0.45,False,2026-08-04,https://www.myhuiban.com/conference/3451
849,CICC,IEEE Custom Integrated Circuits Conference,2026-11-16,,2027-04-18,"San Diego, California, USA",,,B2,49,1861,0.8,False,2026-09-29,https://www.myhuiban.com/conference/849
5674,ICOIP,International Conference on Optical Imaging and Image Processing,2026-11-16,2026-12-01,2026-12-10,"Suzhou, China",,,,45.26,2818,0.45,True,2026-09-13,https://www.myhuiban.com/conference/5674
2911,CLOSER,International Conference on Cloud Computing and Services Science,2026-11-17,2027-01-15,2027-04-17,"Rome, Italy",,C,,58.5,662,0.8,False,2026-06-23,https://www.myhuiban.com/conference/2911
5600,CSEDU,International Conference on Computer Supported Education,2026-11-17,2027-01-15,2027-04-16,"Rome, Italy",,B,,59.66,619,0.8,False,2026-06-23,https://www.myhuiban.com/conference/5600
254,ENASE,International Conference on Evaluation of Novel Approaches to Software Engineering,2026-11-17,2027-01-15,2027-04-20,"Rome, Italy",,B,B4,66.32,411,0.8,False,2026-06-24,https://www.myhuiban.com/conference/254
5614,FEMIB,"International Conference on Finance, Economics, Management and IT Business",2026-11-17,2027-01-15,2027-04-21,"Rome, Italy",,,,48.23,2046,0.45,False,2026-06-24,https://www.myhuiban.com/conference/5614
1570,GISTAM,"International Conference on Geographical Information Systems Theory, Applications and Management",2026-11-17,2027-01-15,2027-04-20,"Rome, Italy",,,,54.09,943,0.45,False,2026-06-24,https://www.myhuiban.com/conference/1570
182,ICEIS,International Conference on Enterprise Information Systems,2026-11-17,2027-01-15,2027-04-20,"Rome, Italy",,,B1,81.91,173,1,False,2026-06-24,https://www.myhuiban.com/conference/182
1796,ICT4AWE,International Conference on Information and Communication Technologies for Ageing Well and e-Health,2026-11-17,2027-01-15,2027-04-19,"Rome, Italy",,C,,57.41,711,0.8,False,2026-06-24,https://www.myhuiban.com/conference/1796
5613,IMPROVE,International Conference on Image Processing and Vision Engineering,2026-11-17,2027-01-15,2027-04-18,"Rome, Italy",,,,47.54,2197,0.45,False,2026-06-24,https://www.myhuiban.com/conference/5613
5612,IoTBDS,"International Conference on Internet of Things, Big Data and Security",2026-11-17,2027-01-15,2027-04-18,"Rome, Italy",,C,,53.54,1007,0.8,False,2026-06-24,https://www.myhuiban.com/conference/5612
5602,SMARTGREENS,International Conference on Smart Cities and Green ICT Systems,2026-11-17,2027-01-15,2027-04-16,"Rome, Italy",,,,50.78,1442,0.45,False,2026-06-23,https://www.myhuiban.com/conference/5602
5601,VEHITS,International Conference on Vehicle Technology and Intelligent Transport Systems,2026-11-17,2027-01-15,2027-04-16,"Rome, Italy",,C,,52.84,1098,0.8,False,2026-06-23,https://www.myhuiban.com/conference/5601
2358,ESANN,"European Symposium on Artificial Neural Networks, Computational Intelligence and Machine Learning",2026-11-18,2027-01-22,2027-04-21,"Bruges, Belgium",,B,,66.04,418,0.8,False,2026-09-24,https://www.myhuiban.com/conference/2358
897,MMSys,ACM Multimedia Systems Conference,2026-11-19,2026-12-22,2027-03-30,"Ghent, Belgium",,A,B3,71.81,306,0.8,False,2026-07-06,https://www.myhuiban.com/conference/897
2855,ACAI,"International Conference on Algorithms, Computing and Artificial Intelligence",2026-11-20,2026-11-30,2026-12-18,"Hangzhou, China",,,,63.68,490,0.65,True,2026-06-08,https://www.myhuiban.com/conference/2855
4929,AIRC,"International Conference on Artificial Intelligence, Robotics, and Control",2026-11-20,2026-12-20,2027-04-06,"Tempe, Arizona, USA",,,,48.62,1955,0.45,False,2026-08-07,https://www.myhuiban.com/conference/4929
5746,AISRA,"International Conference on Advanced Intelligent Systems, Robotics and Automation",2026-11-20,2026-11-27,2026-12-04,"Chengdu, China",,,,37,5596,0.45,False,2026-07-23,https://www.myhuiban.com/conference/5746
5587,ALIS,Adaptive Learning and Intelligent Systems Conference,2026-11-20,2027-01-10,2027-02-01,"Canberra, Australia",,,,42.71,3995,0.45,False,2026-09-21,https://www.myhuiban.com/conference/5587
4474,CESEE,"International Conference on Chemical, Energy Science and Environmental Engineering",2026-11-20,2026-12-20,2027-06-17,"Milan, Italy",,,,47.53,2199,0.45,False,2026-09-23,https://www.myhuiban.com/conference/4474
4946,ETLTC,"International Conference on Emerging Technologies for Learning, Technology, and Computational Physical Sciences",2026-11-20,2026-12-19,2027-01-25,"Aizuwakamatsu, Japan",,,,49.19,1810,0.45,False,2026-09-13,https://www.myhuiban.com/conference/4946
1764,IAEAC,"IEEE Advanced Information Technology, Electronic and Automation Control Conference",2026-11-20,2026-11-30,2027-03-12,"Chongqing, China",,,,51.2,1358,0.45,False,2026-07-14,https://www.myhuiban.com/conference/1764
4947,ICETM',International Conference on Entertainment Technology and Management,2026-11-20,2026-12-19,2027-01-25,"Aizuwakamatsu, Japan",,,,47.27,2253,0.45,False,2026-09-13,https://www.myhuiban.com/conference/4947
2348,ICGDA,International Conference on Geoinformatics and Data Analysis,2026-11-20,2026-12-20,2027-04-05,"Paris, France",,,,52.09,1208,0.45,False,2026-08-04,https://www.myhuiban.com/conference/2348
4930,ICMDA,International Conference on Materials Design and Applications,2026-11-20,2026-12-15,2027-04-08,"Hiroshima, Japan",,,,49.7,1687,0.45,False,2026-09-13,https://www.myhuiban.com/conference/4930
5229,ICOCE,International Conference on Civil Engineering,2026-11-20,2026-12-10,2027-04-07,Singapore,,,,50.17,1574,0.45,False,2026-08-04,https://www.myhuiban.com/conference/5229
5090,ICPEGE,"IEEE International Conference on Power, Electronics and Green Energy",2026-11-20,2026-12-05,2027-01-28,"Shenyang, China",,,,43.13,3754,0.45,False,2026-07-13,https://www.myhuiban.com/conference/5090
4928,ICoSSE,International Conference on Software and System Engineering ,2026-11-20,2026-12-20,2027-04-05,"Paris, France",,,,51.21,1355,0.45,False,2026-08-04,https://www.myhuiban.com/conference/4928
1061,ISDEA,International Conference on Intelligent Systems Design and Engineering  Applications,2026-11-20,2026-12-20,2027-04-24,"Okinawa, Japan",,,,48.61,1968,0.45,False,2026-07-30,https://www.myhuiban.com/conference/1061
3125,ITEC,IEEE Transportation Electrification Conference & Expo,2026-11-20,2027-03-01,2027-06-16,"Novi, Michigan, USA",,,,40.69,4952,0.45,False,2026-09-13,https://www.myhuiban.com/conference/3125
4434,MLBDM,International Conference on Machine Learning and Big Data Management,2026-11-20,2026-11-30,2026-12-18,"Hangzhou, China",,,,49.24,1799,0.45,True,2026-06-08,https://www.myhuiban.com/conference/4434
5200,MLCI,International Conference on Machine Learning and Computational Intelligence,2026-11-20,2026-12-20,2027-04-24,"Okinawa, Japan",,,,43.13,3754,0.45,False,2026-07-30,https://www.myhuiban.com/conference/5200
157,PAKDD,Pacific-Asia Conference on Knowledge Discovery and Data Mining,2026-11-20,2027-02-26,2027-06-29,"Wellington, New Zealand",C,B,,72.44,297,0.8,False,2026-09-23,https://www.myhuiban.com/conference/157
2084,PIERS,PhotonIcs & Electromagnetics Research Symposium,2026-11-20,,2027-05-09,"Daejeon, South Korea",,,,56.96,737,0.45,False,2026-09-02,https://www.myhuiban.com/conference/2084
3781,PRDM,International Conference on Pattern Recognition and Data Mining,2026-11-20,2026-11-30,2026-12-18,"Hangzhou, China",,,,50.99,1403,0.45,True,2026-06-08,https://www.myhuiban.com/conference/3781
5901,ICCCT,International Conference on Communication & Computational Technologies,2026-11-21,2026-12-31,2027-01-30,"Goa, India",,,,45.67,2705,0.45,False,2026-10-02,https://www.myhuiban.com/conference/5901
158,DASFAA,International Conference on Database Systems for Advanced Applications,2026-11-22,,2027-05-28,"Shenyang, China",B,B,B1,76.84,239,0.8,False,2026-07-04,https://www.myhuiban.com/conference/158
5636,WorldCist,World Conference on Information Systems and Technologies,2026-11-22,2027-01-06,2027-03-23,"Cape Town, South Africa",,C,,54.52,905,0.8,False,2026-08-10,https://www.myhuiban.com/conference/5636
4993,CVAI,International Symposium on Computer Vision and Artificial Intelligence,2026-11-25,2026-12-25,2027-03-25,"Hong Kong, China",,,,42.88,3819,0.45,False,2026-08-18,https://www.myhuiban.com/conference/4993
187,DSN,International Conference on Dependable Systems and Networks,2026-11-25,2027-03-18,2027-06-22,"Berlin, Germany",B,A,A1,93.25,30,1,False,2026-07-04,https://www.myhuiban.com/conference/187
5563,FCCE,International Conference on Frontiers of Computers and Communication Engineering,2026-11-25,2026-12-25,2027-04-16,"Hefei, China",,,,44.27,3143,0.45,False,2026-06-11,https://www.myhuiban.com/conference/5563
4201,ICARC,International Conference on Advanced Research in Computing,2026-11-25,2027-01-06,2027-02-16,Online,,,,49.49,1741,0.45,False,2026-09-29,https://www.myhuiban.com/conference/4201
3446,ICIEA',International Conference on Industrial Engineering and Applications,2026-11-25,2026-12-25,2027-04-18,"Bangkok, Thailand",,,,51.38,1323,0.45,False,2026-07-29,https://www.myhuiban.com/conference/3446
4991,IECA,International Conference on Informatics Education and Computer Technology Applications,2026-11-25,,2027-01-15,"Kunming, China",,,,45.46,2764,0.45,False,2026-09-13,https://www.myhuiban.com/conference/4991
2909,ISMSI,"International Conference on Intelligent Systems, Metaheuristics & Swarm Intelligence",2026-11-25,2026-12-25,2027-04-23,"Ho Chi Minh City, Vietnam",,,,51.9,1249,0.45,False,2026-06-11,https://www.myhuiban.com/conference/2909
5810,ICMLAS,International Conference on Machine Learning and Autonomous Systems,2026-11-26,2026-12-31,2027-02-25,"Bangkok, Thailand",,,,42.24,4135,0.45,False,2026-07-14,https://www.myhuiban.com/conference/5810
5552,AIFC,International Conference on Artificial Intelligence and Frontier Computing,2026-11-27,2026-11-27,2026-12-11,"Guangzhou, China",,,,37.31,5559,0.45,False,2026-06-02,https://www.myhuiban.com/conference/5552
5734,BDAIEM,"International Conference on Big Data, Artificial Intelligence and Economic Management",2026-11-27,,2026-12-11,"Ningbo, China",,,,37.31,5559,0.45,False,2026-07-07,https://www.myhuiban.com/conference/5734
3265,CMAAE,"International Conference on Mechanical, Aerospace and Automotive Engineering",2026-11-27,,2026-12-25,"Shanghai, China",,,,49.24,1799,0.45,True,2026-07-23,https://www.myhuiban.com/conference/3265
4680,ECCST,"International Conference on Electronic Communication, Computer Science and Technology",2026-11-27,2026-12-04,2026-12-11,"Xi an, China",,,,45.63,2727,0.45,False,2026-05-25,https://www.myhuiban.com/conference/4680
357,Mobisys,"International Conference on Mobile Systems, Applications and Services",2026-11-27,2027-03-06,2027-06-21,"Ho Chi Minh City, Vietnam",B,A,A1,93.76,25,1,False,2026-09-23,https://www.myhuiban.com/conference/357
5814,ICIACS,International Conference on Innovations and Advances in Cognitive Systems,2026-11-29,2026-12-26,2027-03-01,"Kangeyam, India",,,,43.27,3665,0.25,False,2026-07-14,https://www.myhuiban.com/conference/5814
5732,IISEC,International Conference on Informatics and Software Engineering,2026-11-29,2026-12-31,2027-01-28,"Ankara, Turkiye",,,,44.05,3247,0.45,False,2026-07-07,https://www.myhuiban.com/conference/5732
3023,CEEPE,"International Conference on Energy, Electrical and Power Engineering",2026-11-30,2026-12-30,2027-04-16,"Tianjin, China",,,,50.37,1535,0.45,False,2026-10-01,https://www.myhuiban.com/conference/3023
5367,CROS,Brazilian Conference on Robotics,2026-11-30,2027-01-23,2027-04-27,"Sao Paulo, Brazil",,,,44.42,3097,0.45,False,2026-09-24,https://www.myhuiban.com/conference/5367
5469,DSSE,International Conference on Data Science and Software Engineering,2026-11-30,2026-12-05,2026-12-25,"Shanghai, China",,,,43.96,3265,0.25,True,2026-03-26,https://www.myhuiban.com/conference/5469
5442,EPEMR,"International Conference on Eco-environmental Protection, Environmental Monitoring and Remediation",2026-11-30,,2027-05-28,"Guilin, China",,,,44.42,3097,0.45,False,2026-09-23,https://www.myhuiban.com/conference/5442
3031,FAIML,International Conference on Frontiers of Artificial Intelligence and Machine Learning,2026-11-30,2027-02-09,2027-05-07,China,,,,51.58,1293,0.45,False,2026-08-05,https://www.myhuiban.com/conference/3031
908,HPSR,IEEE Conference on High Performance Switching and Routing,2026-11-30,2027-03-01,2027-06-15,"Paris, France",,C,,65.02,437,1,False,2026-09-21,https://www.myhuiban.com/conference/908
2926,ICAIBD,International Conference on Artificial Intelligence and Big Data,2026-11-30,2026-12-30,2027-05-28,"Chengdu, China",,,,54.02,951,0.45,False,2026-07-29,https://www.myhuiban.com/conference/2926
4511,ICBBT,International Conference on Bioinformatics and Biomedical Technology,2026-11-30,2026-12-20,2027-05-21,"Qingdao, China",,,,55.22,856,0.45,False,2026-07-23,https://www.myhuiban.com/conference/4511
5848,ICITSC,International Conference on Intelligent Transportation and Smart Cities,2026-11-30,2026-12-31,2027-03-05,"Chengdu, China",,,,42.46,4070,0.45,False,2026-07-28,https://www.myhuiban.com/conference/5848
3366,ICNLP,International Conference on Natural Language Processing,2026-11-30,2026-12-30,2027-04-16,"Zhenjiang, China",,,,51.61,1287,0.45,False,2026-06-11,https://www.myhuiban.com/conference/3366
1780,ICRCICN,IEEE International Conference on Research in Computational Intelligence and Communication Networks,2026-11-30,2027-02-01,2027-02-27,"Kalyani, West Bengal, India",,,,49.99,1623,0.45,False,2026-08-04,https://www.myhuiban.com/conference/1780
3597,IEAI,International conference on Industrial Engineering and Artificial Intelligence,2026-11-30,2026-12-30,2027-04-28,"Seoul, South Korea",,,,48.62,1955,0.45,False,2026-09-02,https://www.myhuiban.com/conference/3597
5468,ISSE',"International Conference on Intelligent Information, Systems Science and Engineering",2026-11-30,2026-12-05,2026-12-25,"Shanghai, China",,,,44.21,3177,0.25,True,2026-03-26,https://www.myhuiban.com/conference/5468
2968,MSIE,International Conference on Management Science and Industrial Engineering,2026-11-30,2026-12-30,2027-04-28,"Seoul, South Korea",,,,51.09,1376,0.45,False,2026-07-23,https://www.myhuiban.com/conference/2968
311,SECON,"IEEE International Conference on Sensing, Communication and Networking",2026-11-30,2027-02-15,2027-05-05,"Lisbon, Portugal",B,B,B1,82.68,161,1,False,2026-08-18,https://www.myhuiban.com/conference/311
4931,CETA,"International Conference on Computer Engineering, Technologies and Applications",2026-12-01,2027-01-01,2027-04-16,"Ankara, Turkey",,,,47.58,2188,0.45,False,2026-07-30,https://www.myhuiban.com/conference/4931
2409,CPAIOR,"International Conference on the Integration of Constraint Programming, Artificial Intelligence, and Operations Research",2026-12-01,,2027-06-01,"Toulouse, France",,B,,63.01,504,0.8,False,2026-09-08,https://www.myhuiban.com/conference/2409
585,FSE',International Conference on Fast Software Encryption,2026-12-01,2027-02-01,2027-05-24,"Maastricht, the Netherlands",B,B,A2,77.41,231,0.8,False,2026-07-06,https://www.myhuiban.com/conference/585
2903,GOODTECHS,EAI International Conference on Smart Objects and Technologies for Social Good,2026-12-01,2027-02-01,2027-04-22,"Heraklion, Crete, Greece",,,,51,1392,0.45,False,2026-09-25,https://www.myhuiban.com/conference/2903
2393,ICEEE',International Conference on Electrical and Electronics Engineering,2026-12-01,2027-01-01,2027-04-16,"Ankara, Turkey",,,,53.09,1070,0.45,False,2026-07-29,https://www.myhuiban.com/conference/2393
5599,IE',International Conference on Intelligent Environments,2026-12-01,2027-02-22,2027-06-21,"Skopje, North Macedonia",,B,,61.61,559,0.8,False,2026-09-25,https://www.myhuiban.com/conference/5599
1671,IntelliSys,SAI Intelligent Systems Conference,2026-12-01,2027-01-01,2027-09-02,"Amsterdam, the Netherlands",,,,51.67,1273,0.45,False,2026-09-25,https://www.myhuiban.com/conference/1671
4683,MOST,"IEEE International Conference on Mobility: Operations, Services, and Technologies",2026-12-01,2027-01-15,2027-04-04,"Pomona, California, USA",,,,46.86,2372,0.45,False,2026-08-18,https://www.myhuiban.com/conference/4683
358,OSDI,USENIX Symposium on Operating Systems Design and Implementation,2026-12-01,2027-03-16,2027-07-07,"Baltimore, Maryland, USA",A,A*,A1,95.27,13,1,False,2026-07-18,https://www.myhuiban.com/conference/358
5387,RSSM,"International Conference on Remote Sensing, Surveying and Mapping",2026-12-01,,2027-01-15,"Chongqing, China",,,,47.27,2253,0.45,False,2026-07-30,https://www.myhuiban.com/conference/5387
652,WoWMoM,"International Symposium on a World of Wireless, Mobile and Multimedia Networks",2026-12-01,2027-02-10,2027-06-21,"Irvine, California, USA",C,C,B3,80.47,195,1,False,2026-09-21,https://www.myhuiban.com/conference/652
5149,GAIIS,International Conference on Generative Artificial Intelligence and Information Security,2026-12-03,,2027-03-26,"Guangzhou, China",,,,46.07,2575,0.45,False,2026-08-04,https://www.myhuiban.com/conference/5149
2955,ICBC,IEEE International Conference on Blockchain and Cryptocurrency,2026-12-03,2027-02-19,2027-05-31,"Toronto, Ontario, Canada",,C,,67.14,395,1,False,2026-10-02,https://www.myhuiban.com/conference/2955
138,PODS,ACM SIGMOD Conference on Principles of DB Systems,2026-12-03,2027-03-01,2027-06-13,"Huntington Beach, California, USA",B,A*,A1,79.71,204,0.8,False,2026-04-05,https://www.myhuiban.com/conference/138
4446,AIVRV,"International Conference on Artificial Intelligence, Virtual Reality and Visualization",2026-12-04,2026-12-04,2026-12-18,"Wuhan, China",,,,44.58,3007,0.45,False,2026-06-02,https://www.myhuiban.com/conference/4446
5783,Confluence,"International Conference on Cloud Computing, Data Science & Engineering",2026-12-04,2026-12-25,2027-01-21,"Noida, India",,,,49.14,1830,0.45,False,2026-07-13,https://www.myhuiban.com/conference/5783
471,RSS,Robotics: Science and Systems Conference,2026-12-04,2027-04-30,2027-07-06,"Athens, Greece",,,,57.16,720,0.45,False,2026-09-29,https://www.myhuiban.com/conference/471
3372,AITC,International Artificial Intelligence Technology Conference,2026-12-05,2027-01-05,2027-05-07,"Lianyungang, China",,,,51.91,1245,0.45,False,2026-08-12,https://www.myhuiban.com/conference/3372
3371,ICCCBDA,International Conference on Cloud Computing and Big Data Analytics,2026-12-05,2027-01-05,2027-04-23,"Chengdu, China",,,,53.66,990,0.45,False,2026-07-21,https://www.myhuiban.com/conference/3371
5362,ICKECS,International Conference on Knowledge Engineering and Communication Systems,2026-12-05,2027-02-28,2027-04-23,"Chickballapur, India",,,,46.61,2429,0.45,False,2026-08-07,https://www.myhuiban.com/conference/5362
4935,ISAI',International Symposium on AI,2026-12-05,2027-01-05,2027-04-23,"Chengdu, China",,,,49.85,1666,0.45,False,2026-08-04,https://www.myhuiban.com/conference/4935
2979,NISS',"International Conference on Networking, Intelligent Systems & Security",2026-12-05,2027-01-20,2027-04-27,"Casablanca, Morocco",,,,51.06,1382,0.45,False,2026-09-02,https://www.myhuiban.com/conference/2979
417,ICAPS,International Conference on Automated Planning and Scheduling,2026-12-07,2027-02-26,2027-06-27,"Columbia, South Carolina, USA",B,A*,A2,89.38,80,1,False,2026-09-11,https://www.myhuiban.com/conference/417
465,IPMI,International Conference on Information Processing in Medical Imaging,2026-12-07,2027-02-15,2027-06-27,"Lake Stukely, Quebec, Canada",,,,58.66,653,0.45,False,2026-07-05,https://www.myhuiban.com/conference/465
342,CCGRID,"International Symposium on Cluster, Cloud and Grid Computing",2026-12-08,2027-02-10,2027-05-17,"Dallas-Fort Worth, Texas, USA",C,B,A1,90.22,66,1,False,2026-07-07,https://www.myhuiban.com/conference/342
1485,ETS,European Test Symposium,2026-12-08,2027-02-19,2027-05-24,"London, UK",C,B,B2,67.82,376,0.8,False,2026-07-08,https://www.myhuiban.com/conference/1485
4964,IMS,International Microwave Symposium,2026-12-08,,2027-05-23,"San Antonio, Texas, USA",,,,41.19,4814,0.45,False,2026-10-02,https://www.myhuiban.com/conference/4964
5822,ICOECA,International Conference on Expert Clouds and Applications,2026-12-09,2027-01-11,2027-03-11,"Bengaluru, Karnataka, India",,,,44.47,3088,0.45,False,2026-07-14,https://www.myhuiban.com/conference/5822
785,WISTP,International Conference on Information Security Theory and Practice,2026-12-09,2027-02-09,2027-03-19,"Djerba, Tunisia",,C,,56.1,787,0.8,False,2026-09-21,https://www.myhuiban.com/conference/785
2857,EECR,"International Conference on Electrical Engineering, Control and Robotics",2026-12-10,2027-01-10,2027-04-23,"Shenzhen, China",,,,52.23,1188,0.45,False,2026-06-11,https://www.myhuiban.com/conference/2857
2289,ICBDA,IEEE Conference on Big Data Analytics,2026-12-10,2027-01-10,2027-04-26,"Bangkok, Thailand",,,,53.84,972,0.45,False,2026-07-21,https://www.myhuiban.com/conference/2289
5207,ICCIIA,International Conference on Computational Intelligence and Image Analysis,2026-12-10,,2027-02-26,"Wuhan, China",,,,45.23,2825,0.45,False,2026-07-30,https://www.myhuiban.com/conference/5207
3481,ICCMS',International Conference on Computer Modeling and Simulation,2026-12-10,2027-01-10,2027-05-14,"Beijing, China",,,,56.84,751,0.45,False,2026-07-29,https://www.myhuiban.com/conference/3481
4940,ICCTech,International Conference on Computer Technologies,2026-12-10,2027-01-10,2027-05-14,"Beijing, China",,,,47.27,2253,0.45,False,2026-07-30,https://www.myhuiban.com/conference/4940
3831,ICIAI,International Conference on Innovation in Artificial Intelligence,2026-12-10,2027-01-10,2027-04-26,"Bangkok, Thailand",,,,53.71,986,0.45,False,2026-07-21,https://www.myhuiban.com/conference/3831
4945,ICMERR,International Conference on Mechanical Engineering and Robotics Research,2026-12-10,2027-01-10,2027-05-10,"Paris, France",,,,50.34,1541,0.45,False,2026-09-23,https://www.myhuiban.com/conference/4945
3352,ICMHI,International Conference on Medical and Health Informatics,2026-12-10,2027-01-10,2027-05-28,"Kyoto, Japan",,,,52.2,1195,0.45,False,2026-07-23,https://www.myhuiban.com/conference/3352
4700,ICMIMT,International Conference on Mechanical and Intelligent Manufacturing Technologies,2026-12-10,2027-01-10,2027-05-13,"Cape Town, South Africa",,,,53.17,1056,0.45,False,2026-08-04,https://www.myhuiban.com/conference/4700
2456,ICMLT,International Conference on Machine Learning Technologies,2026-12-10,2027-01-10,2027-05-21,"Stockholm, Sweden",,,,53.66,990,0.45,False,2026-08-26,https://www.myhuiban.com/conference/2456
5445,ITFM,International Conference on Intelligent Transportation and Future Mobility,2026-12-10,2027-01-04,2027-03-19,"Hohhot, China",,,,44.68,2981,0.45,False,2026-08-04,https://www.myhuiban.com/conference/5445
367,ACM ASIACCS,ACM ASIA Conference on Computer and Communications Security,2026-12-11,2027-03-31,2027-07-12,"Macau, China",C,A,B1,89.45,77,1,False,2026-07-05,https://www.myhuiban.com/conference/367
5466,ADIST,International Conference on Autonomous Driving and Intelligent Sensing Technology,2026-12-11,2027-01-11,2027-02-26,"Harbin, China",,,,47.71,2150,0.45,False,2026-08-04,https://www.myhuiban.com/conference/5466
5133,CIR,International Conference on Computational Intelligence and Robotics,2026-12-11,2026-12-18,2026-12-25,"Haikou, China",,,,42.71,3995,0.45,False,2026-07-23,https://www.myhuiban.com/conference/5133
5225,EIECC,International Conference on Electronic Information Engineering and Computer Communication,2026-12-11,2026-12-18,2026-12-25,"Guangzhou, China",,,,47.44,2211,0.45,False,2026-09-08,https://www.myhuiban.com/conference/5225
5735,ICMLS,International Conference on Machine Learning and Simulation,2026-12-11,,2026-12-25,"Changsha, China",,,,37.69,5543,0.45,False,2026-07-07,https://www.myhuiban.com/conference/5735
1408,ISPASS,International Symposium on Performance Analysis of Systems and Software,2026-12-11,2027-03-08,2027-05-09,"New York City, New York, USA",C,B,B1,55.03,868,0.8,False,2026-10-08,https://www.myhuiban.com/conference/1408
5824,ICTMIM,International Conference on Trends in Material Science and Inventive Materials,2026-12-12,2027-01-14,2027-03-18,"Kanyakumari, India",,,,44.47,3088,0.45,False,2026-07-15,https://www.myhuiban.com/conference/5824
210,ARCS,International Conference on Architecture of Computing Systems,2026-12-14,2027-02-08,2027-03-09,"Magdeburg, Germany",,,B2,64.43,458,0.8,False,2026-09-21,https://www.myhuiban.com/conference/210
779,ISC'',International Supercomputing Conference,2026-12-14,2027-03-15,2027-06-07,"Hamburg, Germany",,,,59.1,637,0.45,False,2026-09-29,https://www.myhuiban.com/conference/779
5832,AISCN,"International Conference on AI, Security, Computing, and Networking",2026-12-15,,2027-04-09,"Taichung, Taiwan",,,,44.21,3177,0.25,False,2026-07-15,https://www.myhuiban.com/conference/5832
5826,CI2A,International Conference on Connected Intelligence for Industrial Applications,2026-12-15,,2027-03-19,"Yogyakarta, Indonesia",,,,39.19,5313,0.45,False,2026-07-15,https://www.myhuiban.com/conference/5826
1851,ICDF2C,EAI International Conference on Digital Forensics & Cyber Crime,2026-12-15,2027-02-18,2027-06-25,"New York City, New York, USA",C,,,62.54,522,0.8,False,2026-09-13,https://www.myhuiban.com/conference/1851
5733,ICMI',International Conference on Computing and Machine Intelligence,2026-12-15,2027-02-15,2027-05-01,"Mt. Pleasant, Michigan, USA",,,,44.05,3247,0.45,False,2026-07-07,https://www.myhuiban.com/conference/5733
4809,IEEE CONECCT,"IEEE International Conference on Electronics, Computing and Communication Technologies",2026-12-15,2027-02-15,2027-03-13,"Bangalore, India",,,,51.31,1328,0.45,False,2026-09-07,https://www.myhuiban.com/conference/4809
4291,ITET,International Conference on Information Technology and Education Technology,2026-12-15,2027-01-15,2027-05-28,"Okayama, Japan",,,,49.23,1802,0.45,False,2026-08-05,https://www.myhuiban.com/conference/4291
1687,UNet,International Symposium On Ubiquitous Networking,2026-12-15,2027-02-05,2027-05-25,"Montreal, Quebec, Canada",,,,50.34,1541,0.45,False,2026-09-02,https://www.myhuiban.com/conference/1687
5440,AETCSE,"International Conference on Advanced Electronic Technology, Computers and Software Engineering",2026-12-18,2027-01-20,2027-03-19,"Nanjing, China",,,,49.87,1652,0.45,False,2026-08-04,https://www.myhuiban.com/conference/5440
5390,BNNIO,International Symposium on Biological Neural Networks and Intelligent Optimization,2026-12-18,,2027-02-26,"Sanya, China",,,,42.71,3995,0.45,False,2026-08-04,https://www.myhuiban.com/conference/5390
5163,ISEAIC,International Symposium on Evolutionary Algorithm and Intelligent Control,2026-12-18,2027-01-22,2027-02-26,"Sanya, China",,,,43.38,3644,0.45,False,2026-07-30,https://www.myhuiban.com/conference/5163
5883,OLA,International Conference on Optimization and Learning,2026-12-18,2027-01-23,2027-05-05,"Krakow, Poland",,,,43.57,3482,0.25,False,2026-09-08,https://www.myhuiban.com/conference/5883
4900,AICCONF,Cognitive Models and Artificial Intelligence Conference,2026-12-20,2027-02-15,2027-03-25,"Dubai, UAE",,,,47.67,2156,0.45,False,2026-07-15,https://www.myhuiban.com/conference/4900
4489,CIPCV,International Conference on Intelligent Perception and Computer Vision,2026-12-20,2027-01-25,2027-08-20,"Shanghai, China",,,,49.28,1792,0.45,False,2026-09-21,https://www.myhuiban.com/conference/4489
5321,EMC+SIPI,"IEEE International Symposium on Electromagnetic Compatibility, Signal & Power Integrity",2026-12-20,2027-02-05,2027-07-12,"Portland, Oregon, USA",,,,40.52,4985,0.45,False,2026-09-02,https://www.myhuiban.com/conference/5321
4925,ICCRE,International Conference on Control and Robotics Engineering,2026-12-20,2027-01-20,2027-05-07,"Hong Kong, China",,,,52.46,1157,0.45,False,2026-08-04,https://www.myhuiban.com/conference/4925
4961,ICPST,International Conference on Power Science and Technology,2026-12-20,2027-01-25,2027-05-14,"Zhengzhou, China",,,,47.11,2300,0.45,False,2026-09-07,https://www.myhuiban.com/conference/4961
2614,MSME,International Conference on Materials Science and Manufacturing Engineering,2026-12-20,2027-01-20,2027-04-22,"Tianjin, China",,,,48.62,1955,0.45,False,2026-07-29,https://www.myhuiban.com/conference/2614
521,SSVM,International Conference on Scale Space and Variational Methods in Computer Vision,2026-12-20,2027-02-28,2027-06-06,"Veldhoven, the Netherlands",,,,50.17,1574,0.45,False,2026-10-09,https://www.myhuiban.com/conference/521
5421,GAIIP,International Conference on Generative Artificial Intelligence and Image Processing,2026-12-21,,2027-03-05,"Guangzhou, China",,,,43.53,3600,0.45,False,2026-09-10,https://www.myhuiban.com/conference/5421
5414,ISDS,International Symposium on Information Security and Data Science,2026-12-23,2027-01-28,2027-03-12,"Tianjin, China",,,,43.47,3607,0.45,False,2026-07-21,https://www.myhuiban.com/conference/5414
2601,AIACT,"International Conference on Artificial Intelligence, Automation and Control Technologies",2026-12-25,2027-01-10,2027-02-26,"Nanjing, China",,,,51.31,1328,0.45,True,2026-03-06,https://www.myhuiban.com/conference/2601
4180,ICAIE',International Conference on Artificial Intelligence and Education,2026-12-25,2027-01-25,2027-05-28,"Bangkok, Thailand",,,,41.58,4739,0.45,False,2026-09-21,https://www.myhuiban.com/conference/4180
1774,ICCAR,"International Conference on Control, Automation and Robotics",2026-12-25,2027-01-25,2027-04-23,"Nanchang, China",,,,53.98,959,0.45,False,2026-07-21,https://www.myhuiban.com/conference/1774
4510,ICETT,International Conference on Education and Training Technologies,2026-12-25,2027-01-25,2027-05-21,"Seoul, South Korea",,,,51.67,1273,0.45,False,2026-09-13,https://www.myhuiban.com/conference/4510
4152,ICISN,International Conference on Intelligent Systems and Networks,2026-12-25,2027-02-07,2027-03-20,"Hai Phong, Vietnam",,,,49.33,1783,0.45,False,2026-09-29,https://www.myhuiban.com/conference/4152
5408,CTADS,International Conference on Communication Technology and Data Security,2026-12-26,2027-01-26,2027-03-12,"Nanjing, China",,,,44.87,2933,0.45,False,2026-08-10,https://www.myhuiban.com/conference/5408
3405,ICICCS,International Conference on Intelligent Computing and Control Systems,2026-12-26,2027-01-28,2027-03-22,"Machangolhi, Maldives",,,,41.58,4739,0.45,False,2026-07-15,https://www.myhuiban.com/conference/3405
2910,ISBDAS,International Symposium on Big Data and Applied Statistics,2026-12-28,2027-01-26,2027-03-12,"Nanjing, China",,,,51.85,1253,0.45,False,2026-07-23,https://www.myhuiban.com/conference/2910
4339,CSAIDE,"International Conference on Cyber Security, Artificial Intelligence and Digital Economy",2026-12-29,2027-02-02,2027-03-19,"Hangzhou, China",,,,49.52,1733,0.45,False,2026-07-23,https://www.myhuiban.com/conference/4339
3940,CDIVP,International Conference on Digital Image and Video Processing,2026-12-30,2027-01-30,2027-03-26,"Shanghai, China",,,,50.63,1470,0.45,False,2026-10-07,https://www.myhuiban.com/conference/3940
5818,ICAIC,IEEE International Conference on AI in Cybersecurity,2026-12-30,,2027-03-03,"Houston, Texas, USA",,,,44.44,3094,0.45,False,2026-07-14,https://www.myhuiban.com/conference/5818
3531,ICTC',Information Communication Technologies Conference,2026-12-30,2027-01-30,2027-05-21,"Nanjing, China",,,,51.02,1388,0.45,False,2026-09-02,https://www.myhuiban.com/conference/3531
4971,ICISCN,International Conference on Intelligent Systems and Computational Networks,2026-12-31,2027-02-05,2027-04-24,"Gornalli, India",,,,44.42,3097,0.45,False,2026-08-04,https://www.myhuiban.com/conference/4971
5884,IDAA,International Conference on Intelligent Data Analysis and Applications,2026-12-31,2027-03-31,2027-06-11,"Dhaka, Bangladesh",,,,39.71,5156,0.45,False,2026-09-08,https://www.myhuiban.com/conference/5884
4322,EIEDP,International Conference on Electronic Information Engineering and Data Processing,2027-01-01,2027-01-08,2027-01-15,"Quanzhou, China",,,,48.33,2016,0.45,False,2026-09-21,https://www.myhuiban.com/conference/4322
4242,ICCCAS,"International Conference on Communications, Circuits and Systems",2027-01-01,2027-02-01,2027-05-21,"Chengdu, China",,,,57.02,729,0.45,False,2026-08-28,https://www.myhuiban.com/conference/4242
4169,ICCCR,"International Conference on Computer, Control and Robotics",2027-01-01,2027-02-01,2027-05-14,"Chengdu, China",,,,51.22,1352,0.45,False,2026-07-21,https://www.myhuiban.com/conference/4169
5388,IMNM,International Conference on Intelligent Manufacturing and New Materials,2027-01-01,,2027-03-19,"Wuhan, China",,,,47.99,2101,0.45,False,2026-08-05,https://www.myhuiban.com/conference/5388
5226,PETGS,International Conference on Power Electronics Technology and Grid Systems,2027-01-03,2027-01-10,2027-01-15,"Quanzhou, China",,,,44.42,3097,0.45,False,2026-09-08,https://www.myhuiban.com/conference/5226
411,ACL,Annual Meeting of the Association for Computational Linguistics,2027-01-04,,2027-08-17,Japan,A,A*,A1,96.2,9,1,False,2026-10-09,https://www.myhuiban.com/conference/411
4926,ECCS,European Conference on Communication Systems,2027-01-05,2027-02-05,2027-06-02,"Vienna, Austria",,,,48.51,1984,0.45,False,2026-08-18,https://www.myhuiban.com/conference/4926
4108,ICCTA'',International Conference on Computer Technology Applications,2027-01-05,2027-02-05,2027-06-02,"Vienna, Austria",,,,51.42,1319,0.45,False,2026-08-18,https://www.myhuiban.com/conference/4108
4990,ICSGGE,International Conference on Smart Grid and Green Energy,2027-01-05,2027-02-05,2027-03-19,"Hong Kong, China",,,,47.27,2253,0.45,False,2026-09-13,https://www.myhuiban.com/conference/4990
4241,ICSREE, International Conference on Sustainable and Renewable Energy Engineering,2027-01-05,2027-02-05,2027-05-25,"Madrid, Spain",,,,51.44,1312,0.45,False,2026-09-13,https://www.myhuiban.com/conference/4241
5334,KALINGACONF,Kalinga Conference on Communication & Computing,2027-01-05,2027-03-10,2027-06-01,"Naya Raipur, India",,,,40.52,4985,0.45,False,2026-09-13,https://www.myhuiban.com/conference/5334
4850,SRSE,International Conference on System Reliability and Safety Engineering,2027-01-05,2027-02-05,2027-05-28,"Shanghai, China",,,,51.03,1387,0.45,False,2026-09-29,https://www.myhuiban.com/conference/4850
5409,BIC,International Conference on Bioinformatics and Intelligent Computing,2027-01-06,2027-02-10,2027-04-09,"Shenzhen, China",,,,48.29,2020,0.45,False,2026-08-05,https://www.myhuiban.com/conference/5409
1370,CyCon,International Conference on Cyber Conflict,2027-01-06,2027-02-17,2027-05-25,"Tallinn, Estonia",,,,52.92,1085,0.45,False,2026-09-25,https://www.myhuiban.com/conference/1370
4749,RFIC,Radio Frequency Integrated Circuits Symposium,2027-01-06,,2027-05-23,"San Antonio, Texas, USA",,,,41.36,4794,0.45,False,2026-10-02,https://www.myhuiban.com/conference/4749
5160,CAIC',International Conference on Artificial Intelligence and Control,2027-01-08,2027-01-15,2027-01-22,"Sanya, China",,,,43.23,3719,0.45,False,2026-09-21,https://www.myhuiban.com/conference/5160
177,ISSTA,International Symposium on Software Testing and Analysis,2027-01-08,2027-06-17,2027-09-07,Singapore,A,A,A2,92.76,41,1,False,2026-09-10,https://www.myhuiban.com/conference/177
4610,CSECS,International Conference on Software Engineering and Computer Science,2027-01-09,2027-01-14,2027-04-09,"Hangzhou, China",,,,52,1224,0.45,False,2026-07-28,https://www.myhuiban.com/conference/4610
5376,I&CPS,Industrial and Commercial Power System Technical Conference,2027-01-09,2026-01-30,2027-05-17,"Ottawa, Ontario, Canada",,,,56.79,753,0.45,False,2026-10-09,https://www.myhuiban.com/conference/5376
5830,ICISS''',International Conference on Intelligent Sustainable Systems,2027-01-09,2027-02-11,2027-04-01,"Tirunelveli, India",,,,45.98,2614,0.45,False,2026-07-15,https://www.myhuiban.com/conference/5830
4995,IPDL,International Conference on Image Processing and Deep Learning,2027-01-09,2027-03-09,2027-04-23,"Xi an, China",,,,44.56,3031,0.45,False,2026-09-21,https://www.myhuiban.com/conference/4995
5161,APDSP,Asia-Pacific Digital Signal Processing Conference,2027-01-10,2027-02-15,2027-05-28,"Xining, China",,,,53.41,1025,0.45,False,2026-08-05,https://www.myhuiban.com/conference/5161
3908,CCAI,International Conference on Computer Communication and Artificial Intelligence,2027-01-10,2027-02-10,2027-05-21,"Shanghai, China",,,,51.95,1232,0.45,False,2026-07-21,https://www.myhuiban.com/conference/3908
2617,CCGIV,"International Conference on Computer Graphics, Image and Visualization",2027-01-10,2027-02-10,2027-04-09,"Hangzhou, China",,,,51.93,1240,0.45,False,2026-10-08,https://www.myhuiban.com/conference/2617
4499,CVIPPR,"Asia Conference on Computer Vision, Image Processing and Pattern Recognition",2027-01-10,2027-01-15,2027-04-16,"Xi an, China",,,,49.48,1746,0.45,False,2026-07-28,https://www.myhuiban.com/conference/4499
5004,ICAIM,International Conference on Artificial Intelligence & Materials,2027-01-10,2027-02-20,2027-03-12,"Changsha, China",,,,44.26,3152,0.45,False,2026-09-10,https://www.myhuiban.com/conference/5004
2434,ICMVA,International Conference on Machine Vision and Applications,2027-01-10,2027-02-10,2027-06-03,Singapore,,,,51.28,1336,0.45,False,2026-09-07,https://www.myhuiban.com/conference/2434
1860,ICOWC,International Conference on Optical Wireless Communications,2027-01-10,2027-02-10,2027-05-21,"Shenzhen, China",,,,55.03,868,0.45,False,2026-07-21,https://www.myhuiban.com/conference/1860
4072,MDTS,Microelectronics Design and Test Symposium,2027-01-10,2027-02-21,2027-05-17,"Albany, New York, USA",,,,56.24,776,0.45,False,2026-09-02,https://www.myhuiban.com/conference/4072
4774,SEAI,IEEE International Conference on Software Engineering and Artificial Intelligence,2027-01-10,2027-02-10,2027-06-18,"Quanzhou, China",,,,50.93,1409,0.45,False,2026-08-19,https://www.myhuiban.com/conference/4774
5392,SECA,International Conference on Software Engineering and Computer Applications,2027-01-10,2027-02-10,2027-03-26,"Changsha, China",,,,45.2,2828,0.45,False,2026-08-10,https://www.myhuiban.com/conference/5392
4054,CISCE,"International Conference on Communications, Information System and Computer Engineering",2027-01-11,2027-02-11,2027-03-26,"Guangzhou, China",,,,50.91,1413,0.45,False,2026-07-29,https://www.myhuiban.com/conference/4054
5030,DIPCA,International Conference on Digital Image Processing and Computer Applications,2027-01-11,2027-02-09,2027-03-26,"Urumqi, China",,,,46.4,2500,0.45,False,2026-08-11,https://www.myhuiban.com/conference/5030
1413,DIS,ACM Conference on Designing Interactive Systems,2027-01-11,2027-03-19,2027-06-28,"Stockholm, Sweden",C,A,A2,71.27,317,0.8,False,2026-07-08,https://www.myhuiban.com/conference/1413
5888,IC-EpsMsO,International Conference on Experiments / Process / System Modeling / Simulation / Optimization,2027-01-11,2027-02-01,2027-07-07,"Loutraki, Greece",,,,53.22,1047,0.45,False,2026-09-10,https://www.myhuiban.com/conference/5888
2309,ICMPME,International Conference on Materials Processing and Manufacturing Engineering,2027-01-11,2027-02-11,2027-03-26,"Shenyang, China",,,,51,1392,0.45,False,2026-09-13,https://www.myhuiban.com/conference/2309
5319,IGARSS,International Geoscience and Remote Sensing Symposium,2027-01-11,2027-03-12,2027-07-11,"Reykjavík, Iceland",,C,,49.54,1727,0.8,False,2026-09-13,https://www.myhuiban.com/conference/5319
5444,NEMD,"International Conference on Energy Engineering, New Energy Materials and Devices",2027-01-11,2027-02-11,2027-03-26,"Shenyang, China",,,,47.99,2101,0.45,False,2026-08-10,https://www.myhuiban.com/conference/5444
315,NOSSDAV,International Workshop on Network and Operating Systems Support for Digital Audio and Video,2027-01-11,2027-02-01,2027-04-02,"Ghent, Belgium",B,B,A2,83.49,152,1,False,2026-10-06,https://www.myhuiban.com/conference/315
327,SIGMETRICS,International Conference on Measurement and Modeling of Computer Systems,2027-01-11,2027-03-10,2027-06-07,"Atlanta, Georgia, USA",B,A*,A1,96.56,6,1,False,2026-06-14,https://www.myhuiban.com/conference/327
4765,CIBDA,International Conference on Computer Information and Big Data Applications,2027-01-12,2027-02-12,2027-03-19,"Wuhan, China",,,,50.66,1467,0.45,False,2026-07-28,https://www.myhuiban.com/conference/4765
4497,ICAACE,International Conference on Advanced Algorithms and Control Engineering,2027-01-12,,2027-03-26,"Hangzhou, China",,,,49.87,1652,0.45,False,2026-07-30,https://www.myhuiban.com/conference/4497
4103,ICECET,"International Conference on Electrical, Computer and Energy Technologies",2027-01-12,2027-04-05,2027-07-09,"Seoul, South Korea",,,,48.96,1869,0.45,False,2026-09-02,https://www.myhuiban.com/conference/4103
2265,ICICT',International Conference on Inventive Computation Technologies,2027-01-12,2027-02-15,2027-04-19,"Lalitpur, Nepal",,,,50.76,1449,0.45,False,2026-09-02,https://www.myhuiban.com/conference/2265
112,INDIN,International Conference on Industrial Informatics,2027-01-12,2027-02-16,2027-05-10,"Lisbon, Portugal",,C,B3,60.57,595,0.8,False,2026-09-25,https://www.myhuiban.com/conference/112
3313,MEMA,"International Conference on Mechanical, Electrical and Material Application",2027-01-12,,2027-03-26,"Beijing, China",,,,49.7,1687,0.45,False,2026-09-02,https://www.myhuiban.com/conference/3313
5886,MVA,International Conference on Machine Vision Applications,2027-01-14,2027-03-30,2027-05-12,"Fukuoka, Japan",,,,58.94,644,0.45,False,2026-09-09,https://www.myhuiban.com/conference/5886
141,SIGIR,International Conference on Research and Development in Information Retrieval,2027-01-14,2027-04-05,2027-07-18,"San Jose, California, USA",A,A*,A1,95.58,12,1,False,2026-10-09,https://www.myhuiban.com/conference/141
5031,ASENS,"International Conference on Algorithms, Software Engineering and Network Security",2027-01-15,,2027-03-26,"Xi an, China",,,,46.55,2454,0.45,False,2026-07-30,https://www.myhuiban.com/conference/5031
79,DSDE,International Conference on Data Storage and Data Engineering,2027-01-15,2027-02-15,2027-07-09,"Tokyo, Japan",,,B4,54.18,936,0.8,False,2026-09-02,https://www.myhuiban.com/conference/79
4045,ICCCM,International Conference on Computer and Communications Management,2027-01-15,2027-02-15,2027-07-09,"Tokyo, Japan",,,,54,956,0.45,False,2026-09-23,https://www.myhuiban.com/conference/4045
2553,ICCSS,"International Conference on Circuits, Systems and Simulation",2027-01-15,2027-02-15,2027-06-25,"Da Nang, Vietnam",,,,51.28,1336,0.45,False,2026-07-29,https://www.myhuiban.com/conference/2553
2426,ICGCET,International Conference on Green Computing and Engineering Technologies,2027-01-15,,2027-04-28,"Kathmandu, Nepal",,,,50.6,1477,0.45,False,2026-09-13,https://www.myhuiban.com/conference/2426
526,ICWSM,International AAAI Conference on Web and Social Media,2027-01-15,2027-03-15,2027-05-27,"Edinburgh, UK",B,A,B1,71.51,312,0.8,False,2026-07-06,https://www.myhuiban.com/conference/526
5894,IMI,International Conference on Intelligent Medical Imaging,2027-01-15,,2027-01-29,"Xiamen, China",,,,43.57,3482,0.25,False,2026-09-24,https://www.myhuiban.com/conference/5894
4983,IT',International Information Technology Conference,2027-01-15,2027-01-31,2027-02-24,"Zabljak, Montenegro",,,,55.46,835,0.45,False,2026-07-14,https://www.myhuiban.com/conference/4983
5430,IWBBIO,International Work-Conference on Bioinformatics and Biomedical Engineering,2027-01-15,2027-02-09,2027-07-14,"Gran Canaria, Spain",,,,51.54,1297,0.45,False,2026-10-06,https://www.myhuiban.com/conference/5430
913,IWCMC,International Wireless Communications and Mobile Computing Conference,2027-01-15,2027-03-30,2027-06-13,"Barcelona, Spain",,B,B1,76.2,248,1,False,2026-08-18,https://www.myhuiban.com/conference/913
2066,LSSC,International Conference on Large-Scale Scientific Computations,2027-01-15,2027-01-31,2027-06-14,"Sozopol, Bulgaria",,,,52.05,1214,0.45,False,2026-09-03,https://www.myhuiban.com/conference/2066
1633,NetSoft,IEEE International Conference on Network Softwarization,2027-01-15,2027-03-26,2027-06-28,"Seoul, South Korea",,B,,69.5,345,1,False,2026-10-06,https://www.myhuiban.com/conference/1633
3738,RobCE,International Conference on Robotics and Control Engineering,2027-01-15,2027-02-15,2027-05-20,"Shenzhen, China",,,,50.02,1614,0.45,False,2026-08-10,https://www.myhuiban.com/conference/3738
2755,SSIP,"International Conference on Sensors, Signal and Image Processing",2027-01-15,2027-02-20,2027-06-09,"Ostrava, Czech Republic",,,,51.05,1383,0.45,False,2026-07-29,https://www.myhuiban.com/conference/2755
1791,SeGAH,International Conference on Serious Games and Applications for Health,2027-01-15,2027-02-12,2027-06-23,"Osaka, Japan",,,,52.78,1109,0.45,False,2026-09-02,https://www.myhuiban.com/conference/1791
3849,WSES,The World Symposium on Electrical Systems,2027-01-15,2027-02-15,2027-06-11,"Nanjing, China",,,,44.26,3152,0.45,False,2026-09-07,https://www.myhuiban.com/conference/3849
292,USENIX Security,USENIX Security Symposium,2027-01-19,,2027-08-11,"Denver, Colorado, USA",A,A*,A1,93.48,29,1,False,2026-06-03,https://www.myhuiban.com/conference/292
5046,AAIP,Asia Conference on Advances in Image Processing,2027-01-20,2027-02-20,2027-06-25,"Shanghai, China",,,,47.63,2174,0.45,False,2026-07-30,https://www.myhuiban.com/conference/5046
243,CAV,"International Conference on
Computer-Aided Verification",2027-01-20,2027-04-23,2027-07-19,"Amsterdam, the Netherlands",A,A*,A1,89.89,68,1,False,2026-09-08,https://www.myhuiban.com/conference/243
2551,CEEGE,International Conference on Electrical Engineering and Green Energy,2027-01-20,2027-02-20,2027-05-07,"Suzhou, China",,,,49.7,1687,0.45,False,2026-09-03,https://www.myhuiban.com/conference/2551
4716,CMLDS,"International Conference on Computing, Machine Learning and Data Science",2027-01-20,2027-02-10,2027-04-16,"Chengdu, China",,,,46.94,2351,0.45,False,2026-07-30,https://www.myhuiban.com/conference/4716
4477,DCOSS-IoT,International Conference on Distributed Computing in Smart Systems and the Internet of Things,2027-01-20,2027-03-28,2027-06-21,"Montreal, Quebec, Canada",,,,53.91,966,0.45,False,2026-10-02,https://www.myhuiban.com/conference/4477
1106,ICCSM,"International Conference on Computer, Software and Modeling",2027-01-20,2027-02-20,2027-07-01,"Paris, France",,,,53.12,1066,0.45,False,2026-08-22,https://www.myhuiban.com/conference/1106
5411,ICEDL,International Conference on Education and Distance Learning,2027-01-20,2027-02-20,2027-07-01,"Paris, France",,,,50.48,1510,0.45,False,2026-09-03,https://www.myhuiban.com/conference/5411
2454,ICKEA,International Conference on Knowledge Engineering and Applications,2027-01-20,2027-02-20,2027-06-09,"London, UK",,,,52.35,1175,0.45,False,2026-09-07,https://www.myhuiban.com/conference/2454
4907,IFSP,International Forum on Signal Processing,2027-01-20,2027-02-20,2027-07-09,"Chengdu, China",,,,49.54,1727,0.45,False,2026-09-03,https://www.myhuiban.com/conference/4907
4500,MLANN,"Asia Conference on Machine Learning, Algorithms and Neural Networks",2027-01-20,2027-02-20,2027-04-16,"Xi an, China",,,,49.49,1741,0.45,False,2026-09-13,https://www.myhuiban.com/conference/4500
3118,SACI,IEEE Symposium on Applied Computational Intelligence and Informatics,2027-01-20,2027-03-24,2027-05-24,"Visegrad, Hungary and Timisoara, Romania",,,,53.36,1029,0.45,False,2026-07-05,https://www.myhuiban.com/conference/3118
360,ACNS,International Conference on Applied Cryptography and Network Security,2027-01-21,2027-03-25,2027-06-28,"Egham, UK",C,B,B1,82.39,167,1,False,2026-07-07,https://www.myhuiban.com/conference/360
5015,BDCTA,"International Conference on Big Data, Communication Technology and Computer Applications",2027-01-22,,2027-02-26,"Beijing, China",,,,44.42,3097,0.45,False,2026-07-30,https://www.myhuiban.com/conference/5015
5344,ISPP,"International Conference on Image, Signal Processing and Pattern Recognition",2027-01-22,2027-02-22,2027-04-09,"Guilin, China",,,,48.46,1997,0.45,False,2026-08-10,https://www.myhuiban.com/conference/5344
326,SPAA,ACM Symposium on Parallelism in Algorithms and Architectures,2027-01-22,2027-04-10,2027-06-05,"Atlanta, Georgia, USA",B,B,A2,79.09,211,0.8,False,2026-09-08,https://www.myhuiban.com/conference/326
5368,ICCECT,"International Conference on Control, Electronics and Computer Technology",2027-01-23,2027-03-05,2027-04-28,"Jilin, China",,,,47.53,2199,0.45,False,2026-08-05,https://www.myhuiban.com/conference/5368
4996,MLNN,International Conference on Machine Learning and Neural Networks,2027-01-23,2027-02-23,2027-04-09,"Beijing, China",,,,45.98,2614,0.45,False,2026-08-07,https://www.myhuiban.com/conference/4996
5339,EMBC,International Conference of the IEEE Engineering in Medicine & Biology Society,2027-01-24,2027-04-16,2027-07-11,Singapore,,,,56.96,737,0.45,False,2026-09-13,https://www.myhuiban.com/conference/5339
5399,AI+E,International Conference on AI & Engineering,2027-01-25,2027-02-20,2027-03-26,"Yueyang, China",,,,42.71,3995,0.45,False,2026-09-10,https://www.myhuiban.com/conference/5399
4080,AIITA,International Conference on Artificial Intelligence and Industrial Technology Applications,2027-01-25,2027-02-25,2027-04-09,"Suzhou, China",,,,49.18,1825,0.45,False,2026-09-23,https://www.myhuiban.com/conference/4080
4465,AINIT,"International Seminar on Artificial Intelligence, Networking and Information Technology",2027-01-25,2027-02-25,2027-04-09,"Beijing, China",,,,51.09,1376,0.45,False,2026-09-10,https://www.myhuiban.com/conference/4465
4527,ICASIS,International Conference on Advanced Sensing and Intelligent Systems,2027-01-25,2027-02-08,2027-05-21,"Kuala Lumpur, Malaysia",,,,46.44,2487,0.45,False,2026-09-13,https://www.myhuiban.com/conference/4527
3566,ICET,International Conference on Electronics Technology,2027-01-25,2027-02-25,2027-05-14,"Chengdu, China",,,,53.43,1022,0.45,False,2026-07-05,https://www.myhuiban.com/conference/3566
4666,PCS,Picture Coding Symposium,2027-01-26,2027-03-09,2027-06-07,"Mexico City, Mexico",,C,,59.46,627,0.8,False,2026-09-03,https://www.myhuiban.com/conference/4666
5745,CHIWORK,Symposium on Human-Computer Interaction for Work,2027-01-28,2027-03-30,2027-06-22,"Aalborg, Denmark",,,,43.75,3440,0.45,False,2026-07-11,https://www.myhuiban.com/conference/5745
297,CSF,IEEE Computer Security Foundations Symposium,2027-01-28,2027-04-05,2027-07-26,"Tokyo, Japan",B,A,,85.05,132,1,False,2026-09-08,https://www.myhuiban.com/conference/297
5671,ICAIL,International Conference on Artificial Intelligence and Law,2027-01-28,2027-04-19,2027-07-05,"Vienna, Austria",,C,,56.64,761,0.8,False,2026-09-09,https://www.myhuiban.com/conference/5671
4051,WHC,IEEE World Haptics Conference,2027-01-29,2027-04-16,2027-07-12,"Boston, Massachusetts, USA",C,,,53.27,1040,0.8,False,2026-09-21,https://www.myhuiban.com/conference/4051
5230,BDCI,International Conference on Big Data and Computational Intelligence,2027-01-30,2027-02-25,2027-06-25,"Seoul, South Korea",,,,48.16,2064,0.45,False,2026-09-23,https://www.myhuiban.com/conference/5230
3778,CCRIS,"International Conference on Control, Robotics and Intelligent System",2027-01-30,2027-02-28,2027-08-20,"Wuxi, China",,,,51.88,1251,0.45,False,2026-09-21,https://www.myhuiban.com/conference/3778
5065,CSITC,"International Conference on Advances in Computer Science, Information Technology and Communications",2027-01-30,2027-02-28,2027-04-28,"Dalian, China",,,,40.52,4985,0.45,False,2026-09-21,https://www.myhuiban.com/conference/5065
4830,CVIT,International Conference on Computer Vision and Information Technology,2027-01-30,2027-02-25,2027-06-16,"Rome, Italy",,,,49.23,1802,0.45,False,2026-09-10,https://www.myhuiban.com/conference/4830
5401,ICECCS'',"International Conference on Electronics, Communications and Computer Science",2027-01-30,2027-02-28,2027-07-23,"Chengdu, China",,,,44.08,3245,0.45,False,2026-09-10,https://www.myhuiban.com/conference/5401
3318,ICECT,International Conference on Electronics and Communication Technologies,2027-01-30,2027-02-25,2027-06-25,"Seoul, South Korea",,,,50.53,1500,0.45,False,2026-09-29,https://www.myhuiban.com/conference/3318
1611,ICFCC,International Conference on Future Computer and Communication,2027-01-30,2027-02-25,2027-06-25,"Seoul, South Korea",,,,55.56,828,0.45,False,2026-09-23,https://www.myhuiban.com/conference/1611
2490,ICITS,International Conference on Information Technology and Science,2027-01-30,2027-02-25,2027-06-25,"Seoul, South Korea",,,,55.34,849,0.45,False,2026-09-23,https://www.myhuiban.com/conference/2490
5013,ICSLT,"International Conference on e-Society, e-Learning and e-Technologies",2027-01-30,2027-02-25,2027-06-16,"Rome, Italy",,,,51.52,1304,0.45,False,2026-09-03,https://www.myhuiban.com/conference/5013
5354,ICWR,International Conference on Web Research,2027-01-30,2027-03-06,2027-04-21,"Tehran, Iran",,,,51.31,1328,0.45,False,2026-08-26,https://www.myhuiban.com/conference/5354
3568,WCSE',International Workshop on Computer Science and Engineering,2027-01-30,2027-02-25,2027-06-25,"Seoul, South Korea",,,,54.21,932,0.45,False,2026-09-21,https://www.myhuiban.com/conference/3568
3337,BlockSys,"International Conference on Blockchain, Artificial Intelligence, and Trustworthy Systems",2027-01-31,2027-03-15,2027-04-16,"Guangzhou, China",C,,,58.01,689,0.8,False,2026-09-29,https://www.myhuiban.com/conference/3337
179,COMPSAC,International Computer Software and Applications Conference,2027-01-31,2027-04-07,2027-07-13,"Tokyo, Japan",C,B,A2,88.14,96,1,False,2026-09-25,https://www.myhuiban.com/conference/179
2438,ICCAD',"International Conference on Control, Automation and Diagnosis",2027-01-31,,2027-07-06,"Paris, France",,,,50.17,1574,0.45,False,2026-09-21,https://www.myhuiban.com/conference/2438
5833,ICCRAIDS,International Conference on Current Research in Artificial Intelligence and Data Science,2027-01-31,2027-03-10,2027-04-10,"Kanazawa, Japan",,,,43.57,3482,0.25,False,2026-07-15,https://www.myhuiban.com/conference/5833
5897,ICEECST,"International Conference on Electrical, Electronics, and Computer Science Technology",2027-01-31,2027-02-15,2027-03-17,"Bali, Indonesia",,,,43.27,3665,0.25,False,2026-10-01,https://www.myhuiban.com/conference/5897
4899,ICHORA,"International Congress on Human-Computer Interaction, Optimization and Robotic Applications",2027-01-31,2027-03-30,2027-05-20,"Ankara, Turkiye",,,,49.61,1716,0.45,False,2026-08-07,https://www.myhuiban.com/conference/4899
428,IJCNN,International Joint Conference on Neural Networks,2027-01-31,2027-03-15,2027-06-14,"Cape Town, South Africa",C,B,A2,62.78,514,0.8,False,2026-07-08,https://www.myhuiban.com/conference/428
2546,ISDFS,International Symposium on Digital Forensic and Security,2027-01-31,2027-02-15,2027-03-25,"San Jose, California, USA",,,,52.7,1119,0.45,False,2026-07-29,https://www.myhuiban.com/conference/2546
5342,SPACE',"IEEE Space, Aerospace and Defence Conference",2027-01-31,2027-04-30,2027-07-05,Singapore,,,,40.69,4952,0.45,False,2026-09-13,https://www.myhuiban.com/conference/5342
1002,WG,International Workshop on Graph-Theoretic Concepts in Computer Science,2027-01-31,2027-04-09,2027-06-15,"Schloss Schney, Germany",,B,B1,75.47,258,1,False,2026-09-08,https://www.myhuiban.com/conference/1002
3124,COBEM,International Congress of Mechanical Engineering,2027-02-01,2027-03-15,2027-12-06,"Sao Paulo, Brazil",,,,55.11,860,0.45,False,2026-09-03,https://www.myhuiban.com/conference/3124
5044,EICCT,"International Conference on Electronics, Integrated Circuits and Communication Technology",2027-02-01,2027-03-02,2027-04-16,"Chengdu, China",,,,47.88,2127,0.45,False,2026-07-30,https://www.myhuiban.com/conference/5044
5378,ICPCSN,International Conference on Pervasive Computing and Social Networking,2027-02-01,2027-03-03,2027-04-28,"Salem, India",,,,48.29,2020,0.45,False,2026-08-05,https://www.myhuiban.com/conference/5378
4067,ICSP'',International Conference on Intelligent Computing and Signal Processing,2027-02-01,,2027-03-26,"Chongqing, China",,,,52.36,1172,0.45,False,2026-09-10,https://www.myhuiban.com/conference/4067
1491,INTERACT,IFIP TC13 International Conference on Human-Computer Interaction,2027-02-01,2027-03-08,2027-08-23,"Tallinn, Estonia",C,B,B1,67.3,389,0.8,False,2026-07-08,https://www.myhuiban.com/conference/1491
5635,WAW,Workshop on Modelling and Mining Networks,2027-02-01,2027-03-01,2027-06-28,"Sophia Antipolis, France",,C,,55.96,795,0.8,False,2026-09-21,https://www.myhuiban.com/conference/5635
4385,AAME',"International Conference on Aerospace, Aerodynamics and Mechatronics Engineering",2027-02-02,2027-03-02,2027-04-02,"Nanchang, China",,,,47.27,2253,0.45,False,2026-09-13,https://www.myhuiban.com/conference/4385
5080,IS-ESE,International Symposium on Energy Science and Engineering,2027-02-03,2027-03-13,2027-03-27,"Changsha, China",,,,44.26,3152,0.45,False,2026-09-13,https://www.myhuiban.com/conference/5080
3130,COOL Chips,IEEE Symposium on Low-Power and High-Speed Chips and Systems,2027-02-05,2027-03-12,2027-04-14,"Tokyo, Japan",,,,55.95,796,0.45,False,2026-09-03,https://www.myhuiban.com/conference/3130
185,ICCS,International Conference on Computational Science,2027-02-05,2027-04-05,2027-07-12,"Krakow, Poland",,,A2,74.01,277,0.8,False,2026-09-26,https://www.myhuiban.com/conference/185
5221,ICISPP,International Conference on Information Security and Privacy Protection,2027-02-05,2027-03-05,2027-07-16,"Nantong, China",,,,49.46,1749,0.45,False,2026-09-10,https://www.myhuiban.com/conference/5221
2187,ICSIP,International Conference on Signal and Image Processing,2027-02-05,2027-03-05,2027-07-16,"Nantong, China",,,,54.85,878,0.45,False,2026-09-08,https://www.myhuiban.com/conference/2187
3145,MLMI,International Conference on Machine Learning and Machine Intelligence,2027-02-05,2027-03-05,2027-07-16,"Tokyo, Japan",,,,52.95,1082,0.45,False,2026-08-22,https://www.myhuiban.com/conference/3145
5626,RC,International Conference on Reversible Computation,2027-02-05,2027-04-23,2027-07-08,"Nancy, France",,C,,55.2,857,0.8,False,2026-09-07,https://www.myhuiban.com/conference/5626
5670,I4CS,International Conference on Innovations for Community Services,2027-02-07,2027-03-16,2027-06-14,"Ingolstadt, Germany",,C,,57.02,729,0.8,False,2026-09-07,https://www.myhuiban.com/conference/5670
5156,ICCEA',International Conference on Computer Engineering and Application,2027-02-07,2027-03-09,2027-04-23,"Dalian, China",,,,49.31,1786,0.45,False,2026-08-10,https://www.myhuiban.com/conference/5156
3989,AEiC,Ada-Europe International Conference on Reliable Software Technologies,2027-02-08,2027-03-15,2027-06-08,"Berlin, Germany",,,,56.29,775,0.45,False,2026-08-11,https://www.myhuiban.com/conference/3989
4508,EIBDCT,"International Conference on Electronic Information Engineering, Big Data and Computer Technology",2027-02-08,2027-03-08,2027-04-23,"Yichang, China",,,,48.77,1913,0.45,False,2026-08-18,https://www.myhuiban.com/conference/4508
5050,HARCT,International  Conference on Hydromechatronics and Advanced Robot Control Technology,2027-02-08,2027-03-18,2027-04-09,"Wuhu, China",,,,44.04,3257,0.45,False,2026-10-06,https://www.myhuiban.com/conference/5050
4389,ISCCN,"International Conference on Intelligent Systems, Communications and Computer Networks",2027-02-08,,2027-04-23,"Chongqing, China",,,,48.85,1893,0.45,False,2026-09-03,https://www.myhuiban.com/conference/4389
992,IWOCA,International Workshop on Combinatorial Algorithms,2027-02-08,2027-04-12,2027-06-21,"Prague, Czech Republic",,C,,67.01,401,1,False,2026-07-02,https://www.myhuiban.com/conference/992
5375,ICSSCNA,"International Conference on Signal, Systems, and Computing for Next-Gen Automation",2027-02-09,2027-03-11,2027-05-06,"Eluru, India",,,,40.94,4849,0.45,False,2026-08-05,https://www.myhuiban.com/conference/5375
4690,EEISS,International Conference on Electronic Engineering and Information Systems,2027-02-10,2027-03-20,2027-04-23,"Nanjing, China",,,,45.88,2667,0.45,False,2026-09-23,https://www.myhuiban.com/conference/4690
118,ICCSN,International Conference on Communication Software and Networks,2027-02-10,2027-03-10,2027-07-09,"Chengdu, China",,,,57.02,729,0.45,False,2026-09-21,https://www.myhuiban.com/conference/118
3339,ICVARS,International Conference on Intelligent Computing and Virtual & Augmented Reality Simulations,2027-02-10,2027-03-10,2027-06-23,"Wiesbaden, Germany",,,,51.54,1297,0.45,False,2026-07-30,https://www.myhuiban.com/conference/3339
4215,IC_ASET,International Conference on Advanced Systems and Emergent Technologies,2027-02-10,,2027-04-29,"Hammamet, Tunisia",,,,50.93,1409,0.45,False,2026-09-24,https://www.myhuiban.com/conference/4215
1173,MobileHCI,International Conference on Human-Computer Interaction with Mobile Devices and Services,2027-02-10,2027-04-15,2027-09-20,"Limassol, Cyprus",B,B,A2,75.83,253,0.8,False,2026-09-07,https://www.myhuiban.com/conference/1173
169,ECOOP,European Conference on Object-Oriented Programming,2027-02-11,2027-04-08,2027-06-28,"Turin, Italy",B,A,A1,92.81,40,1,False,2026-07-04,https://www.myhuiban.com/conference/169
131,ICCCN,International Conference on Computer Communications and Networks,2027-02-12,2027-04-16,2027-07-12,"Rome, Italy",C,B,B1,82.97,157,1,False,2026-09-25,https://www.myhuiban.com/conference/131
4268,IoTML,International Conference on Internet of Things and Machine Learning,2027-02-12,,2027-04-23,"Changsha, China",,,,49.54,1727,0.45,False,2026-07-30,https://www.myhuiban.com/conference/4268
365,SACMAT,ACM Symposium on Access Control Models and Technologies,2027-02-12,2027-03-29,2027-07-19,"Durham, UK",C,C,A1,90.68,62,1,False,2026-09-10,https://www.myhuiban.com/conference/365
5891,SIPAI,"International Conference on Signal, Image Processing and Artificial Intelligence",2027-02-12,2027-02-19,2027-02-26,"Xining, China",,,,37.83,5541,0.45,False,2026-09-21,https://www.myhuiban.com/conference/5891
5407,AIAAS,International Conference on Artificial Intelligence and  Advanced Autonomous Systems,2027-02-13,2027-03-15,2027-04-03,"Linzhi, China",,,,42.71,3995,0.45,False,2026-09-10,https://www.myhuiban.com/conference/5407
595,ABZ,International Conference on Rigorous State-Based Methods,2027-02-15,2027-03-22,2027-06-14,"Braga, Portugal",,C,B2,58.36,669,0.8,False,2026-10-09,https://www.myhuiban.com/conference/595
1367,EIT,International Conference on Electro/Information Technology,2027-02-15,2027-03-29,2027-05-20,"Edwardsville, Illinois, USA",,,B4,41.92,4609,0.8,False,2026-09-03,https://www.myhuiban.com/conference/1367
4506,ICGMRS,"International Conference on Geology, Mapping and Remote Sensing",2027-02-15,2027-03-17,2027-04-16,"Suzhou, China",,,,48.62,1955,0.45,False,2026-09-03,https://www.myhuiban.com/conference/4506
3329,ICITL,International Conference of Innovative Technologies and Learning,2027-02-15,2027-03-15,2027-07-13,"Gijón, Spain",,,,49.7,1687,0.45,False,2026-09-07,https://www.myhuiban.com/conference/3329
3039,INFUS,International Conference on Intelligent and Fuzzy Systems,2027-02-15,2027-03-15,2027-07-27,"Cappadocia, Turkey",,,,40.52,4985,0.45,False,2026-09-03,https://www.myhuiban.com/conference/3039
4494,IPEC',"Asia-Pacific Conference on Image Processing, Electronics and Computers",2027-02-15,2027-03-15,2027-05-21,"Dalian, China",,,,48.93,1880,0.45,False,2026-09-03,https://www.myhuiban.com/conference/4494
5417,MLES,International Conference on Machine Learning and Embedded Systems,2027-02-15,,2027-04-23,"Wuhu, China",,,,44.2,3196,0.45,False,2026-08-06,https://www.myhuiban.com/conference/5417
4786,PiCET,Parul University International Conference on Engineering and Technology,2027-02-15,2027-03-08,2027-05-07,"Vadodara ,Gujarat, India",,,,46.94,2351,0.45,False,2026-09-10,https://www.myhuiban.com/conference/4786
1186,WSCG,"International Conferences in Central Europe on Computer Graphics, Visualization and Computer Vision",2027-02-15,,2027-05-24,"Plzen, Czech Republic",,,B1,67.75,377,0.8,False,2026-10-08,https://www.myhuiban.com/conference/1186
3049,ECKM,European Conference on Knowledge Management,2027-02-17,2027-03-03,2027-09-09,"Poznan, Poland",,,,54.93,871,0.45,False,2026-09-13,https://www.myhuiban.com/conference/3049
5360,ASTA,International Conference on Advanced Sensing Technology and Aerospace,2027-02-18,2027-04-01,2027-04-23,"Dalian, China",,,,44.26,3152,0.45,False,2026-09-21,https://www.myhuiban.com/conference/5360
5318,CMSS,International Conference on Modern Sustainable Systems,2027-02-19,2027-03-20,2027-05-25,"Shah Alam, Malaysia",,,,44.68,2981,0.45,False,2026-09-04,https://www.myhuiban.com/conference/5318
5007,AIET,International Conference on Artificial Intelligence in Education Technology,2027-02-20,2027-03-20,2027-07-28,"Cologne, Germany",,,,49.45,1752,0.45,False,2026-09-13,https://www.myhuiban.com/conference/5007
5019,AIVR,International Conference on Artificial Intelligence and Virtual Reality,2027-02-20,2027-03-20,2027-07-10,"Kobe, Japan",,,,51.6,1288,0.45,False,2026-09-23,https://www.myhuiban.com/conference/5019
4272,CACML,"Asia Conference on Algorithms, Computing and Machine Learning",2027-02-20,2027-03-25,2027-05-28,"Shanghai, China",,,,50.51,1503,0.45,False,2026-07-21,https://www.myhuiban.com/conference/4272
4308,CNCIT,"International Conference on Networks, Communications and Information Technology",2027-02-20,2027-03-20,2027-05-21,"Guangzhou, China",,,,50.71,1457,0.45,False,2026-07-28,https://www.myhuiban.com/conference/4308
5186,FLICS,Symposium on Federated Learning and Intelligent Computing Systems,2027-02-20,2027-04-15,2027-06-14,"Napoli, Italy",,,,44.56,3031,0.45,False,2026-08-10,https://www.myhuiban.com/conference/5186
5887,ICAIGC,IEEE International Conference on Artificial Intelligence and Generated Content,2027-02-20,2027-03-20,2027-08-14,"Melaka, Malaysia",,,,43.57,3482,0.25,False,2026-09-10,https://www.myhuiban.com/conference/5887
5433,ICBET,International Conference on Biomedical Engineering and Technology,2027-02-20,2027-03-10,2027-08-20,"Tokyo, Japan",,,,52.97,1079,0.45,False,2026-08-12,https://www.myhuiban.com/conference/5433
1858,ICCCI,IEEE International Conference on Computer Communication and the Internet,2027-02-20,2027-03-20,2027-06-25,"Tokyo, Japan",,,,52.4,1166,0.45,False,2026-07-29,https://www.myhuiban.com/conference/1858
5045,ICFET,International Conference on Frontiers of Educational Technologies,2027-02-20,2027-03-20,2027-06-17,"Tokyo, Japan",,,,51.31,1328,0.45,False,2026-08-12,https://www.myhuiban.com/conference/5045
2174,ICISPC,"International Conference on Imaging, Signal Processing and Communication",2027-02-20,2027-03-20,2027-07-10,"Kobe, Japan",,,,51.26,1345,0.45,False,2026-09-25,https://www.myhuiban.com/conference/2174
5436,ICSIS',"International Conference on Sustainability, Innovation, and Society",2027-02-20,2027-04-15,2027-06-14,"Napoli, Italy",,,,44.26,3152,0.45,False,2026-08-18,https://www.myhuiban.com/conference/5436
5383,ISAC,"International Conference on Intelligent Systems, Automation and Control",2027-02-20,,2027-03-19,"Xi an, China",,,,44.68,2981,0.45,False,2026-08-10,https://www.myhuiban.com/conference/5383
4923,RSAE,International Conference on Robotics Systems and Automation Engineering,2027-02-20,2027-03-20,2027-07-08,"Bangkok, Thailand",,,,50.6,1477,0.45,False,2026-09-23,https://www.myhuiban.com/conference/4923
5410,AIRSA,International Conference on Artificial Intelligence and Remote Sensing Applications,2027-02-21,2027-04-02,2027-04-23,"Beijing, China",,,,44.26,3152,0.45,False,2026-09-10,https://www.myhuiban.com/conference/5410
4195,ICCSCT',International Conference on Cyber Security and Connected Technologies,2027-02-24,2027-03-11,2027-04-09,"Amsterdam, the Netherlands",,,,41.19,4814,0.45,False,2026-09-24,https://www.myhuiban.com/conference/4195
4299,ACEEE,Asia Conference on Energy and Electrical Engineering,2027-02-25,2027-03-25,2027-07-23,"Tianjin, China",,,,50.37,1535,0.45,False,2026-09-07,https://www.myhuiban.com/conference/4299
165,ICFP,ACM SIGPLAN International Conference on Functional Programming,2027-02-25,2027-06-11,2027-09-26,"Nijmegen, Netherlands",B,A,A2,84.02,147,1,False,2026-08-29,https://www.myhuiban.com/conference/165
3026,ICLL,International Conference on Linguistics and Literature,2027-02-25,2027-03-25,2027-07-15,"Fukuoka, Japan",,,,50.84,1430,0.45,False,2026-09-21,https://www.myhuiban.com/conference/3026
4093,DSCC',International Conference on Digital Signal and Computer Communications,2027-02-26,2027-04-02,2027-05-07,"Chengdu, China",,,,49.22,1804,0.45,False,2026-09-29,https://www.myhuiban.com/conference/4093
5653,EMMSAD,Exploring Modelling Methods in Systems Analysis and Design,2027-02-26,2027-04-09,2027-06-07,"Sevilla, Spain",,C,,57.9,693,0.8,False,2026-10-06,https://www.myhuiban.com/conference/5653
824,QoMEX,International Conference on Quality of Multimedia Experience,2027-02-27,2027-04-13,2027-07-06,"Shanghai, China",,B,,62.1,543,0.8,False,2026-09-13,https://www.myhuiban.com/conference/824
281,CGI-AI,Computer Graphics International & Artificial Intelligence,2027-02-28,,2027-07-05,"Cairns, Australia",C,C,B1,77.95,223,1,False,2026-09-10,https://www.myhuiban.com/conference/281
3505,CNIOT,"International Conference on Computing, Networks and Internet of Things",2027-02-28,2027-03-10,2027-05-21,"Suzhou, China",,,,52.67,1122,0.45,False,2026-07-29,https://www.myhuiban.com/conference/3505
5656,EURO,European Conference on Operations Research,2027-02-28,2027-03-07,2027-07-11,"Athens, Greece",,C,,53.42,1023,0.8,False,2026-07-01,https://www.myhuiban.com/conference/5656
432,ICDAR,International Conference on Document Analysis and Recognition,2027-02-28,2027-05-15,2027-08-18,"Kuala Lumpur, Malaysia",C,A,A2,73.2,286,0.8,False,2026-09-29,https://www.myhuiban.com/conference/432
4586,ISCTIS,International Symposium on Computer Technology and Information Science,2027-02-28,2027-03-30,2027-05-21,"Xi an, China",,,,48.75,1914,0.45,False,2026-07-30,https://www.myhuiban.com/conference/4586
589,PETS,Privacy Enhancing Technologies Symposium,2027-02-28,2027-05-01,2027-07-19,"Delft, The Netherlands",C,A,,85.67,124,1,False,2026-07-06,https://www.myhuiban.com/conference/589
5902,PowerTech,IEEE PowerTech,2027-02-28,2027-04-23,2027-09-05,"Bruges, Belgium",,,,48.84,1898,0.45,False,2026-10-07,https://www.myhuiban.com/conference/5902
366,ACISP,Australasian Conference on Information Security and Privacy,2027-03-01,2027-04-16,2027-07-07,"Melbourne, Australia",C,B,,78.27,221,1,False,2026-09-23,https://www.myhuiban.com/conference/366
4006,CNSSE,International Conference on Computer Network Security and Software Engineering,2027-03-01,2027-04-01,2027-05-14,"Zhengzhou, China",,,,50.27,1560,0.45,False,2026-09-07,https://www.myhuiban.com/conference/4006
368,EAI SecureComm,EAI International Conference on Security and Privacy in Communication Networks,2027-03-01,2027-05-01,2027-10-15,"Hefei, China",C,C,B1,80.29,199,1,False,2026-09-04,https://www.myhuiban.com/conference/368
5890,IC-IDC,International Conference on Intelligent Design and Computing,2027-03-01,2027-04-02,2027-05-14,"Wuhan, China",,,,39.71,5156,0.45,False,2026-09-13,https://www.myhuiban.com/conference/5890
4216,ICEIB,"IEEE International Conference on Electronic Communications,  Internet of Things and Big Data",2027-03-01,2027-03-15,2027-04-23,"New Taipei, Taiwan",,,,49.22,1804,0.45,False,2026-09-21,https://www.myhuiban.com/conference/4216
3081,ICMSN,International Conference on Materials Sciences and Nanomaterial,2027-03-01,2027-03-30,2027-07-20,"Bristol, UK",,,,50.17,1574,0.45,False,2026-09-04,https://www.myhuiban.com/conference/3081
4538,LORI,"International Conference on Logic, Rationality and Interaction",2027-03-01,2027-05-30,2027-10-23,"Chengdu, China",,,,50.17,1574,0.45,False,2026-09-04,https://www.myhuiban.com/conference/4538
2986,RQD,ISSAT International Conference on Reliability & Quality in Design,2027-03-01,2027-04-01,2027-08-04,"Vancouver, British Columbia, Canada",,,,55.62,825,0.45,False,2026-09-29,https://www.myhuiban.com/conference/2986
134,VLDB,International Conference on Very Large Data Bases,2027-03-01,2027-04-15,2027-08-23,"Athens, Greece",A,A*,,83.31,154,0.8,False,2026-07-08,https://www.myhuiban.com/conference/134
5385,i-ETC,"Intermountain Engineering, Technology and Computing",2027-03-01,,2027-05-18,"Logan, Utah, USA",,,,40.83,4866,0.45,False,2026-08-10,https://www.myhuiban.com/conference/5385
4439,ICCPA,International Conference on Computer Vision and Pattern Analysis,2027-03-02,,2027-03-26,"Dalian, China",,,,50.37,1535,0.45,False,2026-07-30,https://www.myhuiban.com/conference/4439
5384,ECIE,"International Conference on Electronics, Circuits and Information Engineering",2027-03-04,2027-04-04,2027-05-21,"Nanjing, China",,,,48.16,2064,0.45,False,2026-08-10,https://www.myhuiban.com/conference/5384
3792,ACCC,Asia Conference on Computers and Communications,2027-03-05,2027-04-05,2027-08-05,"Nagoya, Japan",,,,49.96,1634,0.45,False,2026-09-04,https://www.myhuiban.com/conference/3792
5869,DEON,International Conference on Deontic Logic and Normative Systems,2027-03-05,2027-05-06,2027-06-29,"Hangzhou, China",,,,54.68,891,0.45,False,2026-08-28,https://www.myhuiban.com/conference/5869
5535,ICARII,"International Conference on Artificial Intelligence, Robotics and Intelligent Interaction",2027-03-05,,2027-05-21,"Wuhan, China",,,,43.7,3446,0.45,False,2026-08-12,https://www.myhuiban.com/conference/5535
2507,ICIST'',International Conference on Intelligent Science and Technology,2027-03-05,2027-04-05,2027-08-06,"Nanjing, China",,,,49.99,1623,0.45,False,2026-09-13,https://www.myhuiban.com/conference/2507
2749,ICTCE,International Conference on Telecommunications and Communication Engineering,2027-03-05,2027-04-05,2027-07-31,"Chengdu, China",,,,50.8,1436,0.45,False,2026-09-04,https://www.myhuiban.com/conference/2749
4336,IEEE-NANO,IEEE International Conference on Nanotechnology,2027-03-05,2027-04-07,2027-06-30,"Messina, Italy",,,,55.04,864,0.45,False,2026-09-04,https://www.myhuiban.com/conference/4336
4323,ACAIB,"International Conference on Automation Control, Algorithm and Intelligent Bionics",2027-03-06,2027-04-05,2027-05-21,"Nanjing, China",,,,47.99,2101,0.45,False,2026-08-07,https://www.myhuiban.com/conference/4323
4092,CRSA,"International Conference on Computer, Remote Sensing and Aerospace",2027-03-08,,2027-04-16,"Xiamen, China",,,,48.66,1945,0.45,False,2026-09-21,https://www.myhuiban.com/conference/4092
2597,ACPEE,Asia Conference on Power and Electrical Engineering,2027-03-10,2027-03-25,2027-04-15,"Guangzhou, China",,,,52.99,1078,0.45,True,2026-07-15,https://www.myhuiban.com/conference/2597
1440,FiCloud,International Conference on Future Internet of Things and Cloud,2027-03-10,2027-05-25,2027-08-16,"Prague, Czech Republic",,,,53.09,1070,0.45,False,2026-09-23,https://www.myhuiban.com/conference/1440
3146,ICACTE,International Conference on Advanced Computer Theory and Engineering,2027-03-10,2027-04-10,2027-08-13,"Nanjing, China",,,,55.87,804,0.45,False,2026-09-07,https://www.myhuiban.com/conference/3146
5245,ICMCR,"International Conference on Mechatronics, Control and Robotics",2027-03-10,2027-04-10,2027-08-05,"Jeju Island, South Korea",,,,46.44,2487,0.45,False,2026-08-05,https://www.myhuiban.com/conference/5245
1227,MobiWIS,International Conference on Mobile Web and Intelligent Information Systems,2027-03-10,2027-05-25,2027-08-16,"Prague, Czech Republic",,,,55.13,859,0.45,False,2026-09-23,https://www.myhuiban.com/conference/1227
5438,RMAS,"International Conference on Robots, Automation and Multi-Agent",2027-03-10,2027-04-21,2027-05-14,"Maoming, China",,,,43.8,3379,0.45,False,2026-09-21,https://www.myhuiban.com/conference/5438
5369,ICAISS,International Conference on Augmented Intelligence and Sustainable Systems,2027-03-11,2027-04-15,2027-06-10,"Tiruchirappalli, Tamil Nadu, India",,,,46.74,2387,0.45,False,2026-08-18,https://www.myhuiban.com/conference/5369
2113,ISCSIC,International Symposium on Computer Science and Intelligent Control,2027-03-11,2027-05-20,2027-09-17,"Wuhan, China",,,,53.99,957,0.45,False,2026-09-21,https://www.myhuiban.com/conference/2113
5418,MLUS,International Conference on Machine Learning and Unmanned Systems,2027-03-13,2027-04-13,2027-05-28,"Hangzhou, China",,,,43.4,3641,0.45,False,2026-08-05,https://www.myhuiban.com/conference/5418
4783,ECIS',"International Conference on Electronics, Communications and Intelligent Science",2027-03-14,2027-04-15,2027-05-21,"Lanzhou, China",,,,47.64,2163,0.45,False,2026-09-23,https://www.myhuiban.com/conference/4783
5663,FQAS,International Conference on Flexible Query Answering Systems,2027-03-15,,2027-09-08,"Bergamo, Italy",,C,,52.16,1200,0.8,False,2026-07-01,https://www.myhuiban.com/conference/5663
3291,ICAN,"International Conference on Artificial Intelligence driven Computing, Analytics and Networks",2027-03-15,2027-05-15,2027-07-16,"Chandigarh, India",,,,47.99,2101,0.45,False,2026-09-07,https://www.myhuiban.com/conference/3291
5566,ITSAC,International Conference on Intelligent Transportation Systems and Automation Control,2027-03-15,2027-04-15,2027-07-02,"Chongqing, China",,,,42.71,3995,0.45,False,2026-09-10,https://www.myhuiban.com/conference/5566
2423,RTCSE,IEEE International Conference on Recent Trends in Computer Science and Engineering,2027-03-15,,2027-06-25,"Khlong Nueng, Thailand",,,,51.58,1293,0.45,False,2026-09-29,https://www.myhuiban.com/conference/2423
5078,RoSeN,International Conference on Robotics and Sensor Networks,2027-03-15,2027-04-23,2027-05-14,"Beijing, China",,,,44.56,3031,0.45,False,2026-09-10,https://www.myhuiban.com/conference/5078
5346,SECE,International Conference on Smart Energy and Control Engineering,2027-03-15,2027-04-14,2027-05-14,"Nanjing, China",,,,44.26,3152,0.45,False,2026-08-18,https://www.myhuiban.com/conference/5346
3221,EITCE,International Conference on Electronic Information Technology and Computer Engineering,2027-03-16,2027-04-16,2027-06-18,"Tianjin, China",,,,53.9,969,0.45,False,2026-08-18,https://www.myhuiban.com/conference/3221
5608,ICCP,IEEE International Conference on Computational Photography,2027-03-16,2027-06-01,2027-08-02,"College Park, Maryland, USA",,,,54.65,895,0.45,False,2026-09-13,https://www.myhuiban.com/conference/5608
5017,ICAISM,International Conference on Artificial Intelligence and Smart Manufacturing,2027-03-19,2027-04-23,2027-05-28,"Chongqing, China",,,,44.42,3097,0.45,False,2026-09-23,https://www.myhuiban.com/conference/5017
5374,CELCT,International Conference on Clean Energy and Low Carbon Technologies,2027-03-20,,2027-06-04,"Nanjing, China",,,,45.63,2727,0.45,False,2026-08-10,https://www.myhuiban.com/conference/5374
4882,EESPE,"IEEE International Conference on Electronics, Energy Systems and Power Engineering",2027-03-20,2027-05-01,2027-06-26,"Shenyang, China",,,,45.02,2860,0.45,False,2026-08-26,https://www.myhuiban.com/conference/4882
5534,HCIML,International Conference on Human-Computer Interaction and Machine Learning,2027-03-20,2027-04-20,2027-06-04,"Fushun, China",,,,44.68,2981,0.45,False,2026-09-25,https://www.myhuiban.com/conference/5534
4938,ICCET',International Conference on Contemporary Engineering and Technology,2027-03-20,,2027-03-21,"Chennai, India",,,,51.72,1266,0.45,False,2026-09-04,https://www.myhuiban.com/conference/4938
4091,ICIVIS,"International Conference on Image, Vision and Intelligent Systems",2027-03-20,2027-05-01,2027-05-21,"Zhengzhou, China",,,,49.63,1709,0.45,False,2026-09-10,https://www.myhuiban.com/conference/4091
4462,ICBASE,International Conference on Big Data & Artificial Intelligence & Software Engineering,2027-03-21,2027-04-20,2027-06-04,"Dalian, China",,,,50.68,1462,0.45,False,2026-09-23,https://www.myhuiban.com/conference/4462
5095,EPSIC,International Conference on  Electrical  Power Systems and Intelligent Control,2027-03-22,2027-04-22,2027-05-14,"Xiangtan, China",,,,45.46,2764,0.45,False,2026-09-23,https://www.myhuiban.com/conference/5095
1861,SECRYPT,International Conference on Security and Cryptography,2027-03-23,2027-05-19,2027-07-20,"Rome, Italy",,C,,59.35,628,0.8,False,2026-09-04,https://www.myhuiban.com/conference/1861
5631,ABH,International Conference on Artificial Intelligence and Blockchain in Healthcare,2027-03-25,2027-05-17,2027-07-22,"Rome, Italy",,,,42.19,4150,0.45,False,2026-09-04,https://www.myhuiban.com/conference/5631
1624,DATA,"International Conference on Data Science, Technology and Applications",2027-03-25,2027-05-17,2027-07-19,"Rome, Italy",,C,,56.74,757,0.8,False,2026-09-03,https://www.myhuiban.com/conference/1624
3713,DeLTA,International Conference on Deep Learning Theory and Applications,2027-03-25,2027-05-17,2027-07-19,"Rome, Italy",,,,49.29,1788,0.45,False,2026-09-04,https://www.myhuiban.com/conference/3713
5879,ICSBT,International Conference on Smart Business Technologies,2027-03-25,2027-05-17,2027-07-22,"Rome, Italy",,,,50.61,1475,0.45,False,2026-09-04,https://www.myhuiban.com/conference/5879
1626,ICSOFT,International Conference on Software Technologies,2027-03-25,2027-05-17,2027-07-19,"Rome, Italy",,C,B4,58.48,663,0.8,False,2026-09-03,https://www.myhuiban.com/conference/1626
5877,QUANTICS,"International Conference on Quantum Information, Computing, Communications and Simulation",2027-03-25,2027-05-17,2027-07-21,"Rome, Italy",,,,39.49,5269,0.45,False,2026-09-04,https://www.myhuiban.com/conference/5877
1625,SIMULTECH,"International Conference on Simulation and Modeling Methodologies, Technologies and Applications",2027-03-25,2027-05-17,2027-07-21,"Rome, Italy",,C,,56.22,778,0.8,False,2026-09-04,https://www.myhuiban.com/conference/1625
4862,CoLSCM,International Conference on Logistics and Supply Chain Management,2027-03-26,2027-06-10,2027-09-04,"Berlin, Germany",,,,40.52,4985,0.45,False,2026-09-04,https://www.myhuiban.com/conference/4862
4352,ICMTIM,International Conference on Mechatronics Technology and Intelligent Manufacturing,2027-03-26,,2027-04-16,"Shenzhen, China",,,,48.62,1955,0.45,False,2026-09-04,https://www.myhuiban.com/conference/4352
4243,ICETAC,International Conference on Electrical Technology and Automatic Control,2027-03-27,,2027-06-11,"Nanjing, China",,,,48.79,1907,0.45,False,2026-09-13,https://www.myhuiban.com/conference/4243
5331,AICSIP,"International Conference on Artificial Intelligence, Computer Science and Information Processing",2027-03-29,,2027-07-23,"Hangzhou, China",,,,50.57,1492,0.45,False,2026-09-24,https://www.myhuiban.com/conference/5331
2561,ICCMC,International Conference on Computing Methodologies and Communication,2027-03-29,2027-04-26,2027-06-21,"Tamil Nadu, India",,,,51.6,1288,0.45,False,2026-09-04,https://www.myhuiban.com/conference/2561
4367,AIIoT,IEEE World AI IoT Congress,2027-03-31,2027-04-28,2027-05-26,"Seattle, Washington, USA",,,,48.41,2003,0.45,False,2026-08-12,https://www.myhuiban.com/conference/4367
2807,AMTME,International Conference on Advanced Manufacturing Technology and Materials Engineering,2027-03-31,,2027-04-23,"Guangzhou, China",,,,51.54,1297,0.45,False,2026-09-13,https://www.myhuiban.com/conference/2807
5455,EIT',International Conference on Biomedical Applications of Electrical Impedance Tomography,2027-03-31,,2027-07-18,"Kiel, Germany",,,,55.04,864,0.45,False,2026-09-21,https://www.myhuiban.com/conference/5455
5379,ICCTAC,International Conference on Current Trends in Advanced Computing,2027-03-31,2027-06-15,2027-08-26,"Bengaluru, India",,,,52.03,1216,0.45,False,2026-08-18,https://www.myhuiban.com/conference/5379
2207,NanoCom,ACM International Conference on Nanoscale Computing and Communication,2027-03-31,2027-05-25,2027-09-28,"Erlangen, Germany",,,,54.6,898,0.45,False,2026-10-01,https://www.myhuiban.com/conference/2207
4094,IPIC,International Conference on Image Processing and Intelligent Control,2027-04-01,,2027-05-14,"Nanning, China",,,,50.09,1594,0.45,False,2026-07-29,https://www.myhuiban.com/conference/4094
2314,ISCTT,"International Conference on Information Science, Computer Technology and Transportation",2027-04-01,2027-05-01,2027-06-11,"Tianjin, China",,,,54.71,888,0.45,False,2026-09-28,https://www.myhuiban.com/conference/2314
5034,NNNLP,International Conference on Neural Networks and Natural Language Processing,2027-04-01,2027-05-01,2027-06-18,"Hohhot City, China",,,,45.3,2812,0.45,False,2026-09-07,https://www.myhuiban.com/conference/5034
2140,SPSympo,Signal Processing Symposium,2027-04-01,2027-05-31,2027-09-28,"Warsaw, Poland",,,,40.52,4985,0.45,False,2026-09-03,https://www.myhuiban.com/conference/2140
3905,CoEEE,International Joint Conference on Energy and Environmental Engineering,2027-04-02,2027-06-17,2027-09-11,"Stuttgart, Germany",,,,46.44,2487,0.45,False,2026-09-04,https://www.myhuiban.com/conference/3905
3099,ICBICC,"International Conference on Big data, IoT, and Cloud Computing",2027-04-02,2027-06-17,2027-09-11,"Stuttgart, Germany",,,,44.04,3257,0.45,False,2026-09-04,https://www.myhuiban.com/conference/3099
3824,ICHVR,International Conference on Haptics and Virtual Reality,2027-04-02,2027-06-17,2027-09-11,"Stuttgart, Germany",,,,45.32,2810,0.45,False,2026-09-04,https://www.myhuiban.com/conference/3824
3425,ICoIV,International Conference on Intelligent Vehicles,2027-04-02,2027-06-17,2027-09-11,"Stuttgart, Germany",,,,42.24,4135,0.45,False,2026-09-04,https://www.myhuiban.com/conference/3425
3273,SAMDE,"International Symposium on Automation, Mechanical and Design Engineering",2027-04-02,2027-06-17,2027-09-11,"Stuttgart, Germany",,,,49,1861,0.45,False,2026-09-04,https://www.myhuiban.com/conference/3273
2733,SciSec,International Conference on Science of Cyber Security,2027-04-02,2027-05-14,2027-06-22,"Gjovik, Norway",,,,52.03,1216,0.45,False,2026-09-04,https://www.myhuiban.com/conference/2733
3822,SoCAV,International Symposium on Connected and Autonomous Vehicles,2027-04-02,2027-06-17,2027-09-11,"Stuttgart, Germany",,,,41.58,4739,0.45,False,2026-09-04,https://www.myhuiban.com/conference/3822
5336,ICSCSS,International Conference on Sustainable Computing and Smart Systems,2027-04-03,2027-05-07,2027-07-01,"Coimbatore, India",,,,46.61,2429,0.45,False,2026-09-05,https://www.myhuiban.com/conference/5336
5494,NESMT,"International Conference on New Energy Engineering, Energy Storage and Micro-Grid Technology",2027-04-03,2027-05-03,2027-06-18,"Chengdu, China",,,,44.87,2933,0.45,False,2026-08-06,https://www.myhuiban.com/conference/5494
2645,ACIT,International Conference on Advanced Computer Information Technologies,2027-04-04,2027-05-23,2027-09-13,"Nitra, Slovakia",,,,52.66,1126,0.45,False,2026-09-07,https://www.myhuiban.com/conference/2645
4096,AASIP,International Conference on Advanced Algorithms and Signal Image Processing,2027-04-05,2027-05-10,2027-06-25,"Ningbo, China",,,,50.75,1451,0.45,False,2026-09-05,https://www.myhuiban.com/conference/4096
4944,BDPC,International Conference on Big Data and Privacy Computing,2027-04-05,2027-05-05,2027-08-18,"Taiyuan, China",,,,48.63,1952,0.45,False,2026-07-30,https://www.myhuiban.com/conference/4944
2697,ICEIM,International Conference on Engineering and Innovative Materials,2027-04-05,2027-05-05,2027-09-02,"Sapporo, Japan",,,,52.74,1114,0.45,False,2026-10-06,https://www.myhuiban.com/conference/2697
2885,ICoIAS,International Conference on Intelligent Autonomous Systems,2027-04-05,2027-05-05,2027-08-23,"Qinhuangdao, China",,,,51.19,1359,0.45,False,2026-09-21,https://www.myhuiban.com/conference/2885
1646,ISSCS,"International Symposium on Signals, Circuits and Systems",2027-04-05,2027-05-31,2027-07-15,"Iasi, Romania",,,,52.65,1127,0.45,False,2026-09-28,https://www.myhuiban.com/conference/1646
5875,MAID,International Conference on Materials AI Discovery,2027-04-05,2027-05-05,2027-08-13,"Hong Kong, China",,,,43.57,3482,0.25,False,2026-09-02,https://www.myhuiban.com/conference/5875
5076,ITSA,International Symposium on Intelligent Technology for Smart Agriculture,2027-04-06,2027-05-07,2027-07-22,"Xiamen, China",,,,44.68,2981,0.45,False,2026-09-21,https://www.myhuiban.com/conference/5076
162,OOPSLA,"Object-Oriented Programming Systems, Languages and Applications",2027-04-07,2027-07-02,2027-10-10,"Prague, Czech Republic",A,A,A1,93.09,33,1,False,2026-09-10,https://www.myhuiban.com/conference/162
4787,CISR,International Conference on Intelligent Systems and Robotics,2027-04-08,2027-05-18,2027-06-11,"Xinxiang, China",,,,46.34,2512,0.45,False,2026-10-08,https://www.myhuiban.com/conference/4787
101,WETICE,International Conference on Enabling Technologies: Infrastructure for Collaborative Enterprises,2027-04-08,2027-05-10,2027-04-26,"Paris, France",,C,B1,67.12,397,0.8,False,2026-09-23,https://www.myhuiban.com/conference/101
4347,AIEA,International Conference on Artificial Intelligence and Electromechanical Automation,2027-04-09,,2027-06-25,"Zhuhai, China",,,,48.93,1880,0.45,False,2026-09-05,https://www.myhuiban.com/conference/4347
5059,CoUDP,International Conference on Urban Design and Planning,2027-04-09,2027-06-24,2027-09-18,"Barcelona, Spain",,,,40.52,4985,0.45,False,2026-09-05,https://www.myhuiban.com/conference/5059
3422,ECNLPIR,Eurasian Conference on Natural Language Processing and Information Retrieval,2027-04-09,2027-06-24,2027-09-18,"Barcelona, Spain",,,,42.07,4168,0.45,False,2026-09-05,https://www.myhuiban.com/conference/3422
2745,ICCAEE,"International Conference on Civil, Architectural and Environmental Engineering",2027-04-09,2027-06-24,2027-09-18,"Barcelona, Spain",,,,49.29,1788,0.45,False,2026-09-05,https://www.myhuiban.com/conference/2745
5320,ICISC',International Conference on Inventive Systems and Control,2027-04-09,2027-05-10,2027-07-15,"Coimbatore, India",,,,50.17,1574,0.45,False,2026-09-05,https://www.myhuiban.com/conference/5320
5345,IITS,"International Conference on Information Communication, IoT Technology, and Smart Cities",2027-04-09,,2027-04-23,Singapore,,,,43.01,3796,0.45,False,2026-08-06,https://www.myhuiban.com/conference/5345
2096,IJCB,IEEE/IAPR International Joint Conference on Biometrics,2027-04-09,2027-06-14,2027-09-13,"Foz do Iguaçu, Brazil",C,B,,64.34,462,0.8,False,2026-10-01,https://www.myhuiban.com/conference/2096
2051,AMCSE,"International Conference Applied Mathematics, Computational Science and Systems Engineering",2027-04-10,,2027-04-26,"Jakarta, Indonesia",,,,47.99,2101,0.45,False,2026-09-05,https://www.myhuiban.com/conference/2051
5322,IEEE ICMA,IEEE International Conference on Mechatronics and Automation,2027-04-10,2027-05-15,2027-08-08,"Takamatsu, Kagawa, Japan",,,,41.04,4825,0.45,False,2026-09-13,https://www.myhuiban.com/conference/5322
1288,PST,"International Conference on Privacy, Security and Trust",2027-04-10,2027-06-07,2027-08-25,"Sheffield, UK",,C,B2,63.43,494,0.8,False,2026-09-28,https://www.myhuiban.com/conference/1288
5327,ICSSIT,International Conference on Smart Systems and Inventive Technology,2027-04-11,2027-05-08,2027-07-12,"Telangana, India",,,,48.93,1880,0.45,False,2026-09-05,https://www.myhuiban.com/conference/5327
2900,SmartNets,"International Conference on Smart Applications, Communications and Networking",2027-04-11,2027-06-20,2027-08-23,"Beijing, China",,,,49.61,1716,0.45,False,2026-09-21,https://www.myhuiban.com/conference/2900
4448,ICCVDM,International Conference on Computer Vision and Data Mining,2027-04-14,2027-05-18,2027-07-02,"Ningbo, China",,,,49.98,1630,0.45,False,2026-09-07,https://www.myhuiban.com/conference/4448
5648,EAAAI,Engineering Applications and Advances of Artificial Intelligence,2027-04-15,2027-06-13,2027-09-15,"Rome, Italy",,C,,57.51,706,0.8,False,2026-09-25,https://www.myhuiban.com/conference/5648
5569,ICDIS',International Symposium on Integrated Circuit Design and Integrated Systems,2027-04-15,2027-05-15,2027-07-16,"Xi an, China",,,,45.63,2727,0.45,False,2026-09-13,https://www.myhuiban.com/conference/5569
2767,ICIRCA,International Conference on Inventive Research in Computing Applications,2027-04-15,2027-05-12,2027-07-22,"Coimbatore, Tamil Nadu, India",,,,48.62,1955,0.45,False,2026-09-05,https://www.myhuiban.com/conference/2767
5338,ICOSAAS,International Conference on Intelligent and Sustainable AI Systems,2027-04-15,2027-05-13,2027-07-08,"Bali, Indonesia",,,,40.52,4985,0.45,False,2026-09-05,https://www.myhuiban.com/conference/5338
5870,PSCE,International Conference on Power Systems and Control Engineering,2027-04-15,2027-05-15,2027-08-18,"Hong Kong, China",,,,43.57,3482,0.25,False,2026-08-28,https://www.myhuiban.com/conference/5870
2121,ICCAIRO,"International Conference on Control, Artificial Intelligence, Robotics and Optimization",2027-04-17,,2027-04-26,"Jakarta, Indonesia",,,,49.68,1698,0.45,False,2026-09-14,https://www.myhuiban.com/conference/2121
2683,ICICCT',International Conference on Inventive Communication and Computational Technologies,2027-04-18,2027-07-19,2027-07-29,"Coimbatore, India",,,,50.34,1541,0.45,False,2026-09-05,https://www.myhuiban.com/conference/2683
4475,ACESS,International Conference on Advanced Civil Engineering and Smart Structures,2027-04-20,,2027-07-13,"Osaka, Japan",,,,47.44,2211,0.45,False,2026-09-28,https://www.myhuiban.com/conference/4475
1935,IECT,International Conference on Intelligent Education and Computer Technology,2027-04-20,2027-05-25,2027-06-25,"Changsha, China",,,,43.29,3655,0.45,False,2026-09-07,https://www.myhuiban.com/conference/1935
5481,ISADES,International Symposium on AI-Driven Engineering Systems,2027-04-20,2027-05-20,2027-07-02,Online,,,,44.78,2954,0.45,False,2026-09-10,https://www.myhuiban.com/conference/5481
4492,NEOM,International Conference on New Energy and Optoelectronic Materials,2027-04-20,,2027-05-15,"Chengdu, China",,,,47.2,2280,0.45,False,2026-09-10,https://www.myhuiban.com/conference/4492
4815,ICCMT,International Conference on Computer and Multimedia Technology,2027-04-23,2027-05-23,2027-07-23,"Shanghai, China",,,,45.76,2688,0.45,False,2026-10-08,https://www.myhuiban.com/conference/4815
410,KR,International Conference on the Principles of Knowledge Representation and Reasoning,2027-04-23,2027-06-30,2027-09-21,"Buenos Aires, Argentina",B,A*,A2,87.6,105,1,False,2026-10-09,https://www.myhuiban.com/conference/410
3685,ICMIA',International Conference on Mechanical Instrumentation and Automation,2027-04-25,2027-05-25,2027-06-25,"Hefei, China",,,,48.62,1955,0.45,False,2026-09-05,https://www.myhuiban.com/conference/3685
1352,ICMU,International Conference on Mobile Computing and Ubiquitous Networking,2027-04-25,2027-06-27,2027-09-22,"Taipei, Taiwan",,,,56.6,763,0.45,False,2026-10-01,https://www.myhuiban.com/conference/1352
5495,WCCIS,World Conference on Computer Science and Information Security,2027-04-25,2027-05-25,2027-07-09,"Guangzhou, China",,,,46.5,2467,0.45,False,2026-09-05,https://www.myhuiban.com/conference/5495
3686,EEI,International Conference on Electronic Engineering and Informatics,2027-04-30,,2027-06-25,"Nanjing, China",,,,49.36,1769,0.45,False,2026-09-04,https://www.myhuiban.com/conference/3686
5567,ICENIT,"International Conference on Education, Network and Information Technology",2027-04-30,2027-05-31,2027-07-30,"Qingdao, China",,,,50.39,1529,0.45,False,2026-09-05,https://www.myhuiban.com/conference/5567
5443,IoTCEAI,"International Conference on Internet of Things, Communication Engineering and Artificial Intelligence",2027-04-30,,2027-05-14,"Nanchang, China",,,,43.7,3446,0.45,False,2026-08-05,https://www.myhuiban.com/conference/5443
5329,3M-NANO,"IEEE International Conference on Manipulation, Manufacturing and Measurement on the Nanoscale",2027-05-01,2027-06-10,2027-08-02,"Shanghai, China",,,,52.88,1086,0.45,False,2026-09-05,https://www.myhuiban.com/conference/5329
4626,ICCBD'',International Conference on Cloud Computing and Big Data,2027-05-01,2027-06-01,2027-07-02,"Hangzhou, China",,,,46.13,2550,0.45,False,2026-09-28,https://www.myhuiban.com/conference/4626
711,CITS,"International Conference on Computer, Information and Telecommunication Systems",2027-05-03,2027-06-11,2027-07-07,"Istanbul, Turkey",,,,55.24,855,0.45,False,2026-09-21,https://www.myhuiban.com/conference/711
5669,HSI,International Conference on Human System Interaction,2027-05-03,2027-05-31,2027-07-05,"Tokyo, Japan",,C,,55.51,832,0.8,False,2026-10-06,https://www.myhuiban.com/conference/5669
5033,PRMVAI,"IEEE International Conference on Pattern Recognition, Machine Vision and Artificial Intelligence",2027-05-05,2027-06-20,2027-07-15,"Shihezi, China",,,,47.41,2218,0.45,False,2026-09-21,https://www.myhuiban.com/conference/5033
5441,EASIM,"International Conference on Electrical Automation, Autonomous Systems and Intelligent Manufacturing",2027-05-07,,2027-05-14,"Wuhan, China",,,,43.13,3754,0.45,False,2026-08-05,https://www.myhuiban.com/conference/5441
2681,ICOEI,International Conference on Trends in Electronics and Informatics,2027-05-07,2027-06-02,2027-08-02,"Tirunelveli, India",,,,49.7,1687,0.45,False,2026-08-05,https://www.myhuiban.com/conference/2681
4599,ISSET,International Symposium on Semiconductor and Electronic Technology,2027-05-08,2027-06-08,2027-07-23,"Xi an, China",,,,46.61,2429,0.45,False,2026-09-07,https://www.myhuiban.com/conference/4599
5315,ICSCSA,International Conference on Soft Computing for Security Applications,2027-05-10,2027-06-17,2027-08-12,"Salem, Tamil Nadu, India",,,,48.29,2020,0.45,False,2026-09-13,https://www.myhuiban.com/conference/5315
4820,IPMLP,"International Conference on Image Processing, Machine Learning and Pattern Recognition",2027-05-10,,2027-06-18,"Xi an, China",,,,47.28,2249,0.45,False,2026-09-05,https://www.myhuiban.com/conference/4820
5333,ICEEPS,International Conference on Energy and Electrical Power Systems,2027-05-15,2027-06-15,2027-07-30,"Lanzhou, China",,,,47.69,2153,0.45,False,2026-10-06,https://www.myhuiban.com/conference/5333
5684,InSITE,Informing Science and Information Technology Education,2027-05-15,,2027-07-01,"Harare, Zimbabwe",,C,,43.32,3650,0.8,False,2026-09-07,https://www.myhuiban.com/conference/5684
5179,UST,International Conference on Unmanned System and Technology,2027-05-16,2027-06-16,2027-07-16,"Shenyang, China",,,,44.42,3097,0.45,False,2026-09-21,https://www.myhuiban.com/conference/5179
5312,ICESC,International Conference on Electronics and Sustainable Communication Systems,2027-05-18,2027-06-20,2027-08-19,"Coimbatore, India",,,,48.62,1955,0.45,False,2026-09-13,https://www.myhuiban.com/conference/5312
5480,CCISC,"International Conference on Computer Communication, Information System and Cybersecurity",2027-05-20,2027-06-20,2027-08-27,"Chengdu, China",,,,44.72,2973,0.45,False,2026-09-21,https://www.myhuiban.com/conference/5480
5301,ICOSEC,International Conference on Smart Electronics and Communication,2027-05-20,2027-06-22,2027-09-06,"Trichy, India",,,,48.79,1907,0.45,False,2026-09-28,https://www.myhuiban.com/conference/5301
5309,ICoICI,International Conference on Intelligent Cyber Physical Systems and Internet of Things,2027-05-20,2027-06-23,2027-09-01,"Coimbatore, India",,,,47.05,2308,0.45,False,2026-09-28,https://www.myhuiban.com/conference/5309
2442,CCESG,International Joint Conference on Clean Energy and Smart Grid,2027-05-21,2027-07-20,2027-12-03,China,,,,41.58,4739,0.45,False,2026-09-05,https://www.myhuiban.com/conference/2442
1242,AIA',International Conference on Artificial Intelligence and Application,2027-05-26,,2027-06-11,"Kuala Lumpur, Malaysia",,,B4,53.92,965,0.8,False,2026-08-11,https://www.myhuiban.com/conference/1242
5550,AIDIP,International Conference on Artificial Intelligence and Data Intelligent Processing,2027-05-26,2027-07-01,2027-08-13,"Beijing, China",,,,43.84,3373,0.45,False,2026-09-28,https://www.myhuiban.com/conference/5550
4276,ICACE,International Conference on Architecture and Civil Engineering,2027-05-26,,2027-06-11,"Kuala Lumpur, Malaysia",,,,49.19,1810,0.45,False,2026-09-13,https://www.myhuiban.com/conference/4276
4281,ICAIA,International Conference on Artificial Intelligence and Application,2027-05-26,,2027-06-11,"Kuala Lumpur, Malaysia",,,,49.19,1810,0.45,False,2026-09-13,https://www.myhuiban.com/conference/4281
4341,ICASEA,International Conference on Advanced Software Engineering & Its Applications,2027-05-26,,2027-06-11,"Kuala Lumpur, Malaysia",,,,49.36,1769,0.45,False,2026-09-13,https://www.myhuiban.com/conference/4341
4228,ICBSBT,International Conference on Bio-Science and Bio-Technology,2027-05-26,,2027-06-11,"Kuala Lumpur, Malaysia",,,,49.19,1810,0.45,False,2026-09-13,https://www.myhuiban.com/conference/4228
4225,ICCCS'''',International Conference on Computer and Computing Science,2027-05-26,,2027-06-11,"Kuala Lumpur, Malaysia",,,,49.19,1810,0.45,False,2026-09-13,https://www.myhuiban.com/conference/4225
4219,ICCCSC,International Conference on Cloud-Computing and Super-Computing,2027-05-26,,2027-06-11,"Kuala Lumpur, Malaysia",,,,50.25,1561,0.45,False,2026-10-01,https://www.myhuiban.com/conference/4219
4232,ICDCA,International Conference on Digital Contents and Applications,2027-05-26,,2027-06-11,"Kuala Lumpur, Malaysia",,,,49.86,1662,0.45,False,2026-09-13,https://www.myhuiban.com/conference/4232
4240,ICDRBC,International Conference on Disaster Recovery and Business Continuity,2027-05-26,,2027-06-11,"Kuala Lumpur, Malaysia",,,,49.19,1810,0.45,False,2026-09-13,https://www.myhuiban.com/conference/4240
4245,ICDTA,International Conference on Database Theory and Application,2027-05-26,,2027-06-11,"Kuala Lumpur, Malaysia",,,,49.86,1662,0.45,False,2026-09-13,https://www.myhuiban.com/conference/4245
4248,ICEECS,"International Conference on Electrics, Electronics and Computer Scienc",2027-05-26,,2027-06-11,"Kuala Lumpur, Malaysia",,,,49.19,1810,0.45,False,2026-09-13,https://www.myhuiban.com/conference/4248
4259,ICGDC,International Conference on Grid and Distributed Computing,2027-05-26,,2027-06-11,"Kuala Lumpur, Malaysia",,,,49.19,1810,0.45,False,2026-09-13,https://www.myhuiban.com/conference/4259
4266,ICSPIPPR,"International Conference on Signal Processing, Image Processing and Pattern Recognition",2027-05-26,,2027-06-11,"Kuala Lumpur, Malaysia",,,,50.03,1607,0.45,False,2026-09-05,https://www.myhuiban.com/conference/4266
5358,DICCT,"International Conference on Device Intelligence, Computing and Communication Technologies",2027-06-04,2027-06-21,2027-07-23,"Dehradun, India",,,,46.44,2487,0.45,False,2026-09-25,https://www.myhuiban.com/conference/5358
1042,ICITA,International Conference on Information Technology and Applications,2027-06-20,2027-08-26,2027-10-18,"Las Vegas, Nevada, USA",,C,B2,63.71,485,0.8,False,2026-09-08,https://www.myhuiban.com/conference/1042
5470,ICNCCom,International Conference on Networks Computers and Communications,2027-06-30,2027-07-31,2027-08-27,"Tamil Nadu, India",,,,40.69,4952,0.45,False,2026-09-05,https://www.myhuiban.com/conference/5470
1763,CSCC,"International Conference on Circuits, Systems, Communications and Computers",2027-07-15,,2027-07-19,"Santorini, Greece",,,,57.63,698,0.45,False,2026-09-13,https://www.myhuiban.com/conference/1763
1509,MCSI,International Conference Mathematics and Computers in Sciences and Industry,2027-08-10,,2027-08-24,"Heraklion, Crete, Greece",,,,52.48,1150,0.45,False,2026-09-13,https://www.myhuiban.com/conference/1509
4164,ICCTSN,International Conference on Communication Technology for Social Networks,2027-09-04,,2027-09-17,"New York City, New York, USA",,,,47.99,2101,0.45,False,2026-10-02,https://www.myhuiban.com/conference/4164
4171,ICHSDI,International Conference on Human and Smart Device Interaction,2027-09-04,,2027-09-19,"New York City, New York, USA",,,,47.99,2101,0.45,False,2026-10-02,https://www.myhuiban.com/conference/4171
4181,ICIME',International Conference on IT-based Mathematical Education,2027-09-04,,2027-09-17,"New York City, New York, USA",,,,48.29,2020,0.45,False,2026-10-07,https://www.myhuiban.com/conference/4181
4177,ICIRTT,International Conference on Interdisciplinary Research Theory and Technology,2027-09-04,,2027-09-17,"New York City, New York, USA",,,,45.91,2638,0.45,False,2026-10-07,https://www.myhuiban.com/conference/4177
4186,ICITCS',International Conference on Information Technology and Computer Science,2027-09-04,,2027-09-17,"New York City, New York, USA",,,,48.16,2064,0.45,False,2026-10-07,https://www.myhuiban.com/conference/4186
4175,ICMS,International Conference on Materials,2027-09-04,,2027-09-17,"New York City, New York, USA",,,,47.99,2101,0.45,False,2026-10-02,https://www.myhuiban.com/conference/4175
1244,ICNGCIT,International Conference on Next Generation Computer and Information Technology,2027-09-04,,2027-09-17,"New York City, New York, USA",,,,49.87,1652,0.45,False,2026-09-29,https://www.myhuiban.com/conference/1244
3540,PMSN,Material Science and Nanotechnology Conference,2028-07-09,,2028-09-18,"Istanbul, Turkey",,,,44.26,3152,0.45,False,2026-09-05,https://www.myhuiban.com/conference/3540
